Name,Phone,Province,Service
Công Ty TNHH Thuê Xe Du Lịch Nam Định - Mai Khanh,0916 04 6679,Nam Định,Thuê xe
Vận Tải Du Lịch Phi Loan - Công Ty TNHH Thương Mại Du Lịch Phi Loan,(028) 38422268 - 0903 163 615,Tp Hcm,Thuê xe
Công Ty TNHH Thương Mại Dịch Vụ Du Lịch Việt Tín,(028) 38333108 - 0908 223 757,Tp Hcm,Thuê xe
Công Ty Cổ Phần TMDV Quê Hương,0967 471 767,Tp Hcm,Thuê xe
Công Ty TNHH Thương Mại Dịch Vụ Sukami VN,0903.984.604,Tp Hcm,Thuê xe
Công Ty TNHH Một Thành Viên Du Lịch Phương Vy Tour,0909 922 398 - 0918 692 398,Đồng Nai,Thuê xe
Công Ty TNHH MTV Du Lịch In,(028) 39899989 - 0934 797 779,Tp Hcm,Thuê xe
Công Ty TNHH Du Lịch Quốc Tế Đại Việt - GRANDVIET TOUR,(024) 3747 4138 - (024) 3724  5364,Hà Nội,Thuê xe
Công Ty TNHH Du Lịch Hoàng Nam,"(024) 38730914, 0962.203.566",Hà Nội,Thuê xe
Công Ty TNHH Dịch Vụ Phương Nghi,"(0256) 3891122, 0919 501 839",Bình Định,Thuê xe
Công Ty TNHH Lữ Hành Quốc Tế Golden Life,0256 3813959 Hotline: 1900 599946,Bình Định,Thuê xe
Công Ty TNHH Du Lịch Vận Tải Và Thương Mại Ecovico,(0236) 3712771 - 0905 204 445 - 0935 264 445,Đà Nẵng,Thuê xe
VietDa Travel - Công Ty Cổ Phần Việt Đà,"(0236) 3647979, 3647981",Đà Nẵng,Thuê xe
Công Ty TNHH MTV Vận Tải Và Du Lịch Nguyễn Anh Huy,"0932 600 060, 0914 846 932",Đồng Nai,Thuê xe
Công Ty TNHH Vận Tải Và Du Lịch Nguyễn Anh Tuấn,"0902 077 707, 0931 770 807",Đồng Nai,Thuê xe
Công Ty TNHH Việt Sài Gòn Tour,"0283526708, 0902227810, 0909141801",Tp Hcm,Thuê xe
Công Ty TNHH Vận Tải Du Lịch Và Dịch Vụ Thương Mại Long Hiền,"0903 578 012, 0975 288 111",Đà Nẵng,Thuê xe
Nhà Hàng Hương Biển,0947 000 268,Hà Nội,Thuê xe
Công Ty TNHH Thương Mại Và Du Lịch Khát Vọng Việt,(024) 66635511,Hà Nội,Thuê xe
Tổng Công Ty Vận Chuyển Hàng Hóa Hàng Không Việt Nam,"0932 109 595, 0906 990 125",Tp Hcm,Thuê xe
Công Ty TNHH MTV Tuấn Việt Nhất,"(0274) 3763269, 0988 190 678",Bình Dương,Thuê xe
Công Ty Cổ Phần Thương Mại Du Lịch Và Tổ Chức Sự Kiện Việt Nam,(024) 6686 1106 - (024) 3562 7741,Hà Nội,Thuê xe
Công Ty TNHH Du Lịch Đại Thế Giới,"(028) 62911211, 0903 998 111",Tp Hcm,Thuê xe
Công Ty TNHH Dịch Vụ Và Du Lịch ABC,"028 3620 5555, 028 3620 7779",Tp Hcm,Thuê xe
Công Ty Cổ Phần Phát Triển Sản Xuất Thương Mại Sài Gòn,(028) 39318189,Tp Hcm,Thuê xe
Công Ty Cổ Phần Tư Vinh,"(0236) 3764825, 3764737, 3508509",Đà Nẵng,Thuê xe
Công Ty Cổ Phần Thương Mại Vận Tải Vàng,"(024) 62954499, 0916.386.889",Hà Nội,Thuê xe
Công Ty Cổ Phần Dịch Vụ Phương Trân,0965.328.328 - 0931.008.333,Cần Thơ,Thuê xe
Đại LÝ Vé Máy Bay Hiệp Phất Tài - Công Ty TNHH MTV Hiệp Phất Tài,"(028) 54073314, 37673314, 66513314, 62863314",Tp Hcm,Thuê xe
Công Ty TNHH Xây Dựng Thương Mại Dịch Vụ Lộc Hưng Phát,(028) 69625135,Tp Hcm,Thuê xe
Công Ty TNHH Thương Mại Dịch Vụ Thanh Hiệp Phát,"(028) 22410907, 0909.252.642",Tp Hcm,Thuê xe
Công Ty TNHH Thương Mại Dịch Vụ Vận Tải Đại Nghĩa,(028) 39716050 - 0908 847 405,Tp Hcm,Thuê xe
Công Ty TNHH MTV Thương Mại Dịch Vụ Vận Tải Phú Thành Phát,"(0251) 3844483, 0908 128 856",Đồng Nai,Thuê xe
Công Ty TNHH MTV Phú Thành Hiệp N,(0272) 3655686,Long An,Thuê xe
Shop Hoa Lan Nghi,"(028) 35026056, 38866876",Tp Hcm,Thuê xe
Công Ty TNHH Truyền Thông Du Lịch Phúc Thịnh,0989 114 488,Tp Hcm,Thuê xe
Công Ty Cổ Phần Abc Toàn Cầu,"024.37199100, Hotline: 0364895868",Hà Nội,Thuê xe
Công Ty Cổ Phần Đầu Tư Du Lịch Toàn Cầu,"02439948904, 0909254511",Hà Nội,Thuê xe
Công Ty TNHH Du Lịch Giấc Mơ Việt,0935999886,Hà Nội,Thuê xe
Công Ty TNHH Vận Tải Và Thương Mại Hoàng Thắng,(0221) 18525252,Hưng Yên,Thuê xe
Công Ty TNHH Dịch Vụ Du Lịch Tuấn Dũng,"(0236) 3828384, 0914 43 43 43",Đà Nẵng,Thuê xe
Công Ty TNHH Sản Xuất Thương Mại Du Lịch MeMo,"(028) 38841783, 22005008",Tp Hcm,Thuê xe
Công Ty TNHH Thương Mại Du Lịch Phong Cảnh Việt,(028) 38110388,Tp Hcm,Thuê xe
Công Ty Cổ Phần Du Lịch Thương Mai Và Đầu Tư Tracotour,"(024) 39713627, 39711692",Hà Nội,Thuê xe
Công Ty TNHH MTV Phú Lộc Bình,0983 494 272,Đà Nẵng,Thuê xe
Công Ty TNHH MTV Du Lịch Phong Cách Việt,"(028) 3553 2095, 0934 008 116",Tp Hcm,Thuê xe
Công Ty TNHH Dịch Vụ Thương Mại Và Vận Tải Nhất Thiên Sơn,"(028) 39165131, 093.4689.393",Tp Hcm,Thuê xe
Công Ty TNHH Thương Mại Dịch Vụ Và Du Lịch Đất Tây Đô,"(0292) 3768471, 3768472, 3768473, 0939.593.567",Cần Thơ,Thuê xe
Công Ty Cổ Phần Phát Triển Thương Mại Và Du Lịch Phù Đổng,0912 075 844,Hà Nội,Thuê xe
Công Ty TNHH Quang Hùng,"(0254) 3531861, 3531860, 0933 700 898",Bà Rịa-Vũng Tàu,Thuê xe
Công Ty TNHH Tứ Diệp Thảo,"(024) 22005708, 22005709, 22606694, 22606695",Hà Nội,Thuê xe
Công Ty TNHH Thương Mại Và Du Lịch Sài Gòn Bình Minh,"0917 111 877, 028 39252995",Tp Hcm,Thuê xe
Công Ty TNHH Thương Mại Dịch Vụ Và Du Lịch Thiên Ý Thành,"(0270) 6270049, 6270079 - 0914 031 559",Vĩnh Long,Thuê xe
Công Ty Cổ Phần Môi Trường Đô Thị Quy Nhơn,"(0256) 3822545, 3826609",Bình Định,Thuê xe
Công Ty Cổ Phần Thương Mại Và Dịch Vụ Du Lịch Đà Nẵng Xanh,"(0236) 2475555, 6506789",Đà Nẵng,Thuê xe
Công Ty TNHH Thương Mại Dịch Vụ Du Lịch Lúa Vàng,"(0292) 6257676,  0938.43.24.26",Cần Thơ,Thuê xe
Công Ty TNHH Dịch Vụ Du Lịch Nối Vòng Tay Lớn,0966 653 888 - 0936 868 282,Hà Nội,Thuê xe
Doanh Nghiệp Tư Nhân Dịch Vụ Du Lịch Biển Hà Tiên,(0297) 370 1575,Kiên Giang,Thuê xe
Công Ty Cổ Phần VNTour,1900555578,Tp Hcm,Thuê xe
Công Ty TNHH MTV Lữ Khách Việt,0933 748 666,Đồng Nai,Thuê xe
Công Ty TNHH Thương Mại Dịch Vụ Du Lịch Trần Đặng,(028) 38389593,Tp Hcm,Thuê xe
Công Ty TNHH Đầu Tư Thương Mại Và Du Lịch Mở Hà Nội,024 3912 0000 – 0904 988 377,Hà Nội,Thuê xe
Công Ty TNHH Du Lịch Và Vận Tải Đinh Vy Vân,"(0263) 3900792, 0908 032 339",Lâm Đồng,Thuê xe
Công Ty TNHH Thương Mại Và Du Lịch An Tâm,"0972 60 70 50, 0912 121 836",Hà Nội,Thuê xe
Công Ty Cổ Phần Phú Mỹ Phát,0904.402.402 - 0905.627.627 - 0977.627.627,Đà Nẵng,Thuê xe
Công Ty Cổ Phần Thương Mại Và Du Lịch Phú Hoàng Minh,"(024) 39271362, 39907235, 0936 686 086",Hà Nội,Thuê xe
Công Ty Cổ Phần Du Lịch Và Thương Mại Quốc Tế Á Âu,"(024) 35668268, 35668266, 63257536",Hà Nội,Thuê xe
Công Ty Cổ Phần Tập Đoàn Vận Tải Phượng Hoàng,"(0221) 3551464, 3862022",Hưng Yên,Thuê xe
Công Ty Cổ Phần Dịch Vụ An Dân,"(04) 37464646, 36414141",Hà Nội,Thuê xe
Công Ty TNHH Du Lịch Nụ Cười Việt,0908 010 274,Bà Rịa-Vũng Tàu,Thuê xe
Công Ty TNHH Vận Tải Và Du Lịch Tùng Dương,"0937.444.444, 0984.359.999",Hà Nội,Thuê xe
Công Ty TNHH Du Lịch Lữ Hành Văn Lang,"(0273) 3710904, 3710905",Tiền Giang,Thuê xe
Công Ty Cổ Phần Du Lịch Việt Nam TravelMart,(0236) 3886555,Đà Nẵng,Thuê xe
Công Ty Cổ Phần Xúc Tiến Thương Mại Đầu Tư Và Du Lịch ANZ,"0987 12 13 18, 024 397 444 05",Hà Nội,Thuê xe
Công Ty TNHH Du Lịch Chân Trời Mới,(028) 35140507,Tp Hcm,Thuê xe
Công Ty TNHH MTV Thái Loan Phát,(0251) 3826555,Đồng Nai,Thuê xe
Avani Harbour View Hotel,(0225) 3827827,Hải Phòng,Thuê xe
Công Ty TNHH Thương Mại Dịch Vụ Du Lịch Xây Dựng Gia Huy,(028) 71096868​,Tp Hcm,Thuê xe
Công Ty TNHH Hiệp Phong Phát,(028) 62672188,Tp Hcm,Thuê xe
Công Ty TNHH Thương Mại Điện Tử Du Lịch Thời Đại Việt,0911.329.788,Tp Hcm,Thuê xe
Công ty Du Lịch Hành Trình Việt - Công Ty TNHH Du Lịch Vận Chuyển Hành Trình Việt,0908 618 571,Tp Hcm,Thuê xe
Công Ty TNHH MTV Giao Nhận Vận Tải Thái Bình Phát,(0274) 3777190,Bình Dương,Thuê xe
Công Ty TNHH Phú Đạt Gia,"(0234) 3589993, 3589994, 3589995",Tt Huế,Thuê xe
Công Ty Cổ Phần Thương Mại Dịch Vụ Hanoitrans,"(024) 38779977, 0913 534 040",Hà Nội,Thuê xe
Công Ty TNHH Thương Mại Và Dịch Vụ Du Lịch Quảng Đà Thành,(0236) 2638638,Đà Nẵng,Thuê xe
Công Ty TNHH Dịch Vụ Du Lịch Đất Nước Việt,"(028) 38210737, 38210739",Tp Hcm,Thuê xe
Công ty TNHH Trần Gia Phú Thái,19001281,Hà Nội,Thuê xe
Công Ty CP TMDV Du Lịch Tình Yêu Việt (VIET LOVE TRAVEL),(028) 37266636/ 0919 600 087,Tp Hcm,Thuê xe
Công Ty TNHH Đầu Tư Và Du Lịch Nét Việt,(028) 38957456,Tp Hcm,Thuê xe
Công Ty TNHH Thương Mại Và Dịch Vụ Du Lịch Thành Thành,(058) 3527007,Khánh Hòa,Thuê xe
Công Ty TNHH Minh Phong,(0258) 3514924,Khánh Hòa,Thuê xe
Công Ty TNHH Thương Mại Và Du Lịch Phong Lưu,"0933 114 339, 0905204530, 0909456557",Lâm Đồng,Thuê xe
Công Ty TNHH Thương Mại Dịch Vụ Xây Dựng Quang Long,(028) 62731792 - 0983 767 410,Tp Hcm,Thuê xe
Công Ty Cổ Phần Đầu Tư Thương Mại Và Du Lịch Kinh Đô - KINHDO TRAVEL,"(024) 35190717, 0904376116",Hà Nội,Thuê xe
Công Ty TNHH Dịch Vụ Du Lịch Khánh Lan,"(028) 39411157, 39411157, 37770138",Tp Hcm,Thuê xe
Công Ty CP Du Lịch Quốc Tế ALO TOUR,0936 759 666 - 0977 173 666,Hải Phòng,Thuê xe
Công Ty TNHH TM Và DV Go Travel,(84-28) 3838 3878,Tp Hcm,Thuê xe
Công Ty TNHH MTV TM Và Dịch Vụ Trung Hưng phát,(028) 62822079,Tp Hcm,Thuê xe
Công Ty TNHH MTV Công Nghệ Và Dịch Vụ Kim Long,(0236) 3656300 - 0905 680 486,Đà Nẵng,Thuê xe
Dịch Vụ Cho Thuê Xe Tại Long Xuyên,0918 375 120,An Giang,Thuê xe
Cứu Hộ Giao Thông Bình Dương,(0650) 3691791,Bình Dương,Thuê xe
Công Ty Cổ Phần Truyền Thông Sự Kiện Du Lịch Phú Dũng,"(024) 35146929, 37765480, 0978.136.666",Hà Nội,Thuê xe
Công Ty TNHH Du Lịch Hành Trình Phương Đông,"(024) 37480841, 0378607777",Hà Nội,Thuê xe
Công Ty Cổ Phần Thương Mại Dịch Vụ HaNoiTRANS,(024) 38 77 99 77,Hà Nội,Thuê xe
Công Ty Cổ Phần Du Lịch Và Thương Mại Bắc Thăng Long,(024) 35332077,Hà Nội,Thuê xe
Công Ty TNHH Thương Mại Và Dịch Vụ Du Lịch Quê Hương Việt,(08) 62639377,Tp Hcm,Thuê xe
Công Ty TNHH Xúc Tiến Thương Mại Quốc Tế VTE (V.T.E travel),(024) 35668372,Hà Nội,Thuê xe
Công Ty Cổ Phần Du Lịch Và Thương Mại Hải Đăng,(024) 39454500,Hà Nội,Thuê xe
Công Ty TNHH Dịch Vụ Thương Mại Du Lịch Đông Âu,"0909 824 539, 0918 333 303, 0989 002 468",Tp Hcm,Thuê xe
Công Ty TNHH MTV Thương Mại Du Lịch Đồng Hành Việt,(0236) 2247076,Đà Nẵng,Thuê xe
Công Ty TNHH Đồng Nội Phú Quốc,(0297) 3994 444,Kiên Giang,Thuê xe
Công Ty Cổ Phần Thương Mại Và Du Lịch Rồng Việt,"(0225) 3503435, 0902 242 325",Hải Phòng,Thuê xe
Công Ty Tổ Chức Hội Nghị Sự Kiện và Du Lịch Quốc Tế Hòa Bình,"(04) 37325976, 35171797",Hà Nội,Thuê xe
Công Ty TNHH Lương Thanh Hải,(0251) 3569869,Đồng Nai,Thuê xe
Công Ty TNHH Thương Mại Và Dịch Vụ Du Lịch Bắc Á,"(024) 38383211, 37336500, 39907228",Hà Nội,Thuê xe
Công Ty Cổ Phần Truyền Thông Và Du Lịch Bản Sắc Việt,"(04) 35991666, 35991555",Hà Nội,Thuê xe
Công Ty TNHH Đầu Tư Du Lịch Minh Giang,"(04) 39949166, 39995032",Hà Nội,Thuê xe
Công Ty TNHH Thương Mại Và Du Lịch Hanoi Newtour,(04) 36700566,Hà Nội,Thuê xe
Công Ty TNHH Nhà Nước MTV Du Lịch Công Đoàn Hà Nội,"(024) 37192197, 37192181",Hà Nội,Thuê xe
Công Ty TNHH Một Thành Viên Ân Thanh Nam,0965 636 997,Bình Dương,Thuê xe
Công Ty Cổ Phần Cơ Khí Sơn La,(022) 3874343,Sơn La,Thuê xe
Xuân Đại Thắng Hotel - Công Ty TNHH Dịch Vụ Bảo Vệ Xuân Đại Thắng,(0251) 3602268 - 0933.339.939,Đồng Nai,Thuê xe
Công Ty TNHH An Cường Anh,"(0274) 3766585, 3784669",Bình Dương,Thuê xe
Công Ty TNHH Thương Mại Và Du Lịch Hành Trình Xanh,(04) 321207019,Hà Nội,Thuê xe
Công Ty TNHH Du Lịch Huyền Thoại,(0251) 3988692,Đồng Nai,Thuê xe
Công Ty Cổ Phần Du Lịch Và Dịch Vụ Minh Hải,(0290) 3831828,Cà Mau,Thuê xe
Công Ty Cổ Phần Du Lịch Thương Mại Quốc Tế Năm Châu,0936 126 188,Hà Nội,Thuê xe
Công Ty TNHH Thương Mại Và Dịch Vụ Du Lịch Hà Trang,02583515177,Khánh Hòa,Thuê xe
Công Ty TNHH Vũ Hùng Phát,(024) 32808080,Hà Nội,Thuê xe
Công Ty Cổ Phần Vân Hương,"02422133262, 02439971230",Hà Nội,Thuê xe
Công ty TNHH Sự Kiện Và Du Lịch Quốc Tế Sao Việt,"(0208) 6262728, 0979.097.111",Thái Nguyên,Thuê xe
Công Ty TNHH Thương Mại Dịch Vụ Du Lịch Phương Nam,"(08) 38364668, 38364086",Tp Hcm,Thuê xe
Công Ty Cổ Phần Giải Pháp Kho Vận ánh Dương,"(028) 38405100, 0906 412 868",Tp Hcm,Thuê xe
Công Ty TNHH Thương Mại Dịch Vụ Du Lịch Đệ Nhất,(028) 62577779,Tp Hcm,Thuê xe
Công Ty TNHH MTV Thương Mại Dịch Vụ Du Lịch Ước Mơ,"(0292) 3733999, 0939.404.242",Cần Thơ,Thuê xe
Công Ty TNHH Du Lịch Bazan Việt Nam,(08) 35888868,Tp Hcm,Thuê xe
Công Ty Cổ Phần Thương Mại Phát Triển Công Nghệ Và Du Lịch Quốc Tế AMI,(024) 37282660,Hà Nội,Thuê xe
DNTN Vận Tải Và Du Lịch Lê Đang,"0935 456 567, 0985 186 188",Phú Yên,Thuê xe
Công ty TNHH Kết Nối Taxi Nội Bài,(04) 35729666,Hà Nội,Thuê xe
Công Ty TNHH Thương Mại Và Dịch Vụ Gate Việt Nam,(04) 66810810,Hà Nội,Thuê xe
Công Ty Cổ Phần Thương Mại Du Lịch Và Hợp Tác Quốc Tế Havinas,(024) 22425899,Hà Nội,Thuê xe
Công Ty Cổ Phần Thăng Long Tourist Việt Nam,(0208) 22111758,Hà Nội,Thuê xe
Công Ty Du Lịch Toàn Hoàn Châu,(0294) 3865898,Trà Vinh,Thuê xe
Công Ty TNHH MTV Vận Tải Hải Trung Kim,(08) 62774781,Tp Hcm,Thuê xe
Công Ty Cổ Phần TM DV Và Du Lịch Đại Phong (Let's Tour),(024) 32006389,Hà Nội,Thuê xe
Công Ty TNHH Thương Mại Dịch Vụ Và Du Lịch Aroma Hà Nội,0988 782 081,Hà Nội,Thuê xe
Công Ty TNHH MTV Thương Mại Du Lịch Kiên Giang ,"(077) 3862081, 3945522",Kiên Giang,Thuê xe
Công Ty TNHH Thương Mại Dịch Vụ Du Lịch Vận Tải Kim Thanh Phát,"(08) 39738603, 39738924",Tp Hcm,Thuê xe
Công Ty TNHH MTV An Gia Phú,(028) 62816700 - Hotline: 0913118208 (Mr. Duy),Đà Nẵng,Thuê xe
Công Ty Dịch Vụ Du Lịch Minh Tâm,(0241) 3838045,Bắc Ninh,Thuê xe
Công Ty TNHH MTV Nhị Đông Hải,(0511) 3634111,Đà Nẵng,Thuê xe
Công Ty TNHH Du Lịch Và Đầu Tư Hữu Nghị,(024) 38267421,Hà Nội,Thuê xe
Công Ty TNHH Đầu Tư Du Lịch Rồng Đông Dương,(08) 38436819,Tp Hcm,Thuê xe
Công Ty Cổ Phần Vận Tải Việt Mỹ,"(024) 38617089, 36875084, 0913 598 362",Hà Nội,Thuê xe
Du Lịch Minh Phương - Đồng Hồ - Mắt Kính Phương,"(028) 38941030, 0903.935.104",Tp Hcm,Thuê xe
Công Ty TNHH Thu Hiền,0868.627.627,Đà Nẵng,Thuê xe
Công Ty TNHH Thương Mại & Du Lịch Let's Fly Travel,1900636332,Khánh Hòa,Thuê xe
Công Ty TNHH Thương Mại Thiết Bị Kỹ Thuật Thái Dương,"(064) 3932769, 0978 667 769",Bà Rịa-Vũng Tàu,Thuê xe
Công Ty TNHH Thương Mại Và Du Lịch Greencanal Việt Nam,"(024) 37245292, 0936 035 658",Hà Nội,Thuê xe
Công Ty Cổ Phần Truyền Thông Du Lịch Việt,(08) 73056789,Tp Hcm,Thuê xe
Công Ty TNHH Du Lịch Hoàng Khởi,"(028) 66851616, 66601616",Tp Hcm,Thuê xe
Công Ty TNHH Thương Mại Và Du Lịch Đại Lâm,"(028) 39141973, 39141974",Tp Hcm,Thuê xe
Công Ty TNHH MTV Dịch Vụ Vận Tải Lam Đạt,"(028) 38832293, 0903 377 990",Tp Hcm,Thuê xe
Khách Sạn Thủy Tiên,(064) 3527791,Bà Rịa-Vũng Tàu,Thuê xe
Công Ty TNHH Sapa Pathfinder Travel,(020) 3873468,Lào Cai,Thuê xe
Khách Sạn Anh Linh,(052) 3820297,Quảng Bình,Thuê xe
Công Ty TNHH Thiết Kế Xây Dựng Thương Mại An Phú,(064) 3732977,Bà Rịa-Vũng Tàu,Thuê xe
Công Ty TNHH MTV Du Lịch Rồng Hoàng Gia,(061) 3839006,Đồng Nai,Thuê xe
Bảo Ninh Beach Resort,"(052) 3854688, 3854866",Quảng Bình,Thuê xe
Công Ty TNHH Thương Mại Tư Vấn Dịch Vụ Du Lịch Văn Hóa Việt,(08) 39309717,Tp Hcm,Thuê xe
Công Ty TNHH MTV Thương Mại Vận Tải Quỳnh Anh,0903 992 967,Tp Hcm,Thuê xe
Công Ty TNHH MTV Du Lịch Vietnam Locals,(0234) 3511333,Hà Nội,Thuê xe
Công Ty TNHH Thương Mại Tư Vấn Dịch Vụ Du Lịch Văn Hóa Việt,(08) 3930 9717,Tp Hcm,Thuê xe
Công Ty TNHH Vũ Ngọc,"(0236) 3831225, 0903.501.225",Đà Nẵng,Thuê xe
Công Ty TNHH MTV Du Lịch Thái Dương,"(028) 62746427, 66846427, 0938 569 108",Tp Hcm,Thuê xe
Công Ty TNHH Thương Mại  Dịch Vụ  Du Lịch VT Khởi Nghiệp,0907 940 828,Tp Hcm,Thuê xe
Công Ty TNHH MTV Dịch Vụ Dầu Khí Sài Gòn Du Lịch,(08) 38239447,Tp Hcm,Thuê xe
Công Ty TNHH Dịch Vụ Du Lịch & Thương Mại KMK,(0256) 3812615,Bình Định,Thuê xe
Công Ty Cổ Phần Du Lịch AST,"(04) 39262628, 39262688",Hà Nội,Thuê xe
Công Ty TNHH Sao Phương Nam TRAVEL,(0235) 3828383,Quảng Nam,Thuê xe
Công Ty Cổ Phần Du Lịch Đồng Nai,(061) 3822368,Đồng Nai,Thuê xe
Công Ty Cổ Phần Du Lịch Đồng Tháp,"(067) 3852136,",Đồng Tháp,Thuê xe
Công Ty TNHH Đầu Tư Vận Tải Du Lịch An Tâm,"(028) 66788841, 0938 628 289",Tp Hcm,Thuê xe
Công Ty TNHH MTV Dịch Vụ Du Lịch Nụ Cười Vàng,(08) 38404152,Tp Hcm,Thuê xe
Công Ty CP Vận Tải Và Dịch Vụ Du Lịch Hà Nội CTH,093.456.9398,Hà Nội,Thuê xe
Khách Sạn Sunny,"(0258) 3525244, 3525299",Khánh Hòa,Thuê xe
Công Ty Cổ Phần Du Lịch Đông Hà Travel,(053) 3705588,Quảng Trị,Thuê xe
Du Lịch Tam Kỳ,"(0510) 3907999, 3821333",Quảng Nam,Thuê xe
Công Ty TNHH MTV Hân Du Travel,090 380 1195,Tp Hcm,Thuê xe
Công Ty TNHH Thương Mại Quốc Tế Phương Vượng,0989.349.409,Hà Nội,Thuê xe
Công Ty TNHH Du Lịch Bầu Trời Việt,"(061) 8875171, 8875173",Đồng Nai,Thuê xe
Khách Sạn Hương Duy,(0511) 3937328,Đà Nẵng,Thuê xe
Công Ty TNHH Thương Mại Dịch Vụ Du Lịch Lợi Đạt,"(08) 38214623, 38224585",Tp Hcm,Thuê xe
Công Ty TNHH Du Lịch Song Châu Đà Lạt,(063) 3536567,Lâm Đồng,Thuê xe
Sapa Stunning View Hotel,(020) 3871163,Lào Cai,Thuê xe
Doanh Nghiệp Tư Nhân Trương Minh Tiến,(0236) 3842868,Đà Nẵng,Thuê xe
Công Ty TNHH 9 Rồng,(0710) 3767224,Cần Thơ,Thuê xe
Công Ty TNHH Du Lịch Thương Mại Đất Việt,"(0238) 3845737, 0949 978 898",Nghệ An,Thuê xe
Công Ty TNHH Thành Bưởi,(08) 38339242,Tp Hcm,Thuê xe
CÔNG TY TNHH DỊCH VỤ DU LỊCH VẬN TẢI ĐẠI VIỆT,06503885988,Bình Dương,Thuê xe
Công Ty TNHH DV Vận Tải Và Du Lịch Ngọc Việt,028.2216.6688,Tp Hcm,Thuê xe
Công Ty Du Lịch An Thành,(04) 37151214,Hà Nội,Thuê xe
Công Ty Cổ Phần Detra Sài Gòn,"(028) 37197161, 0906 710 186",Tp Hcm,Thuê xe
Công Ty TNHH Thương Mại Và Du Lịch Linh Châu,0388 155 155 - 0966 433 366,Hà Nội,Thuê xe
Công Ty CP TM DV Du Lịch Và Quảng Cáo Khám Phá Mới,"0938756468, 0947 093 535 ",Tp Hcm,Thuê xe
Công Ty TNHH MTV Du Lịch Hội An Phố,(0510) 3928700,Quảng Nam,Thuê xe
Công Ty Cổ Phần Thương Mại Dịch Vụ Xuất Nhập Khẩu Vinh Linh,"(08) 35141714, 35141715",Tp Hcm,Thuê xe
Công Ty CP Du Lịch Lữ Hành Non Nước Việt,(08) 62609561,Tp Hcm,Thuê xe
Công Ty TNHH In Đào Gia,(04) 22400890,Hà Nội,Thuê xe
CÔNG TY TNHH TM DV VẬN TẢI DU LỊCH VẠN NGÂN,(0256) 3828828,Bình Định,Thuê xe
Khách Sạn Bank Star II Cửa Lò,(038) 3952188,Nghệ An,Thuê xe
Công Ty TNHH MTV Du Lịch & Vận Tải Huế Locals,(054) 3511333,Tt Huế,Thuê xe
Công Ty TNHH Một Thành Viên Thương Mại Dịch Vụ Và Du Lịch Nguyễn Bình,(071) 3872141,Cần Thơ,Thuê xe
Công Ty Du Lịch Bình Phú,(08) 54445348,Tp Hcm,Thuê xe
Công Ty TNHH Thương Mại Và Du Lịch Nụ Cười Huế,(0234) 3883659,Tt Huế,Thuê xe
Công Ty TNHH Thương Mại Dịch Vụ Du Lịch Triều Dương,(028) 38333768,Tp Hcm,Thuê xe
Công Ty TNHH Dịch Vụ Du Lịch Hoàng Hà D.L,"(0251) 2221778, 0911 466 334",Đồng Nai,Thuê xe
Công Ty TNHH Thương Mại Xây Dựng Vận Tải Thăng Long,"(024) 37892085, 0966.599.476",Hà Nội,Thuê xe
Công Ty TNHH Du Lịch Đại Dương,(038) 3949678,Nghệ An,Thuê xe
Công Ty TNHH TM DV Trường Long Phát,(0274) 3555855,Bình Dương,Thuê xe
Công Ty TNHH Dịch Vụ Du Lịch Đoàn Khang,(08) 39623919 ,Tp Hcm,Thuê xe
Công Ty TNHH MTV Dịch Vụ Du Lịch Mặt Trời Mọc Phú Quốc,(0297) 3992361,Kiên Giang,Thuê xe
Công Ty TNHH Đầu Tư Dịch Vụ Vận Tải Và Du Lịch Net Việt,(04) 37836238,Hà Nội,Thuê xe
Công Ty Cổ Phần Ô Tô Mai Anh,"0913060499, 0972850499",Nghệ An,Thuê xe
Công Ty TNHH Du Lịch Và Dịch Vụ HT Việt Nam,(04) 39329527,Hà Nội,Thuê xe
Công Ty TNHH Thương Mại Dịch Vụ Địa ốc Và Du Lịch Đại Dương,"(08) 62565612, 62565612",Tp Hcm,Thuê xe
Công Ty TNHH Lai Hoàn Cầu ( Trạm Điều Hành Xe DL Hoàn Cầu),(08) 38511120,Tp Hcm,Thuê xe
Công Ty Cổ Phần Đầu Tư Thương Mại Và Du Lịch Tuấn Minh,"(024) 66806555, 0914.246.986",Hà Nội,Thuê xe
Công Ty TNHH Thương Mại Xuất Nhập Khẩu T&T,(028) 38501481,Tp Hcm,Thuê xe
Công Ty TNHH Thương Mại Và Dịch Vụ Đại Đồng Đen,039 381 5704,Bình Dương,Thuê xe
Doanh Nghiệp Tư Nhân Nguyên Thành Đạt,"(0225) 3835587, 0903.446.448",Hải Phòng,Thuê xe
Công Ty TNHH Đầu Tư Và Phát Triển Thương Mại Làng Việt,(024) 39976610 - 0912 683 836,Hà Nội,Thuê xe
Công Ty TNHH MTV Bnt Travel,0917458000,Tt Huế,Thuê xe
Công Ty Cổ Phần Thương Mại Dịch Vụ Và Du Lịch Tâm Nguyên Phát - Du Lịch Miền Trung Tourist,0905 369 896,Đà Nẵng,Thuê xe
Công Ty Cổ Phần Vận Tải Du Lịch Hưng Long,(04) 22121855,Hà Nội,Thuê xe
Công Ty TNHH Du Lịch EĐen,(08) 39251188,Tp Hcm,Thuê xe
Công Ty TNHH MTV Dịch Vụ Vận Tải Xuân Sáu Anh,0933 65 1128 - 0907 300 900,Bình Dương,Thuê xe
Công Ty Cổ Phần Thương Mại Và Đào Tạo Tin Học Long Thành,(08) 22022202,Hà Nội,Thuê xe
Công Ty TNHH Du Lịch Lửa Việt,02839232148,Hà Nội,Thuê xe
Công Ty TNHH Thương Mại Dịch Vụ Du Lịch & Hành Hương Quốc Tế Sukha Travel,(08) 62725444,Hà Nội,Thuê xe
Khách Sạn Phụng Hồng,(063) 3834410,Lâm Đồng,Thuê xe
Công Ty TNHH Thương Mại Dịch Vụ Nam Việt,(028) 38272055,Tp Hcm,Thuê xe
Công Ty TNHH Thương Mại Và Dịch Vụ Du Lịch Hải Minh Nha Trang,"0903 506 907, 0935 429 549",Khánh Hòa,Thuê xe
"Phong Nha Locals Travel & Transport Co., Ltd",0932 465 127,Quảng Bình,Thuê xe
Công Ty TNHH Khang Việt Travel,(070) 3503693,Vĩnh Long,Thuê xe
Công Ty Cổ Phần Dịch Vụ Du Lịch Châu Á Toàn Cầu,"0901 944 826, 0901 472 492",Tp Hcm,Thuê xe
Công Ty Cổ Phần Du Lịch Và Thương Mại Mặt Trời Việt,(0292) 3783022,Cần Thơ,Thuê xe
Công Ty TNHH Một Thành Viên Dịch Vụ Vận Tải Lam Đạt,"(028) 38832293, 0977.676.366",Tp Hcm,Thuê xe
Công Ty TNHH Lý Vĩnh,0982 107 949,Tp Hcm,Thuê xe
Công Ty TNHH Du Lịch Tuấn Linh,"(024) 62768855, 0913 505 609",Hà Nội,Thuê xe
Dịch Vụ Cho Thuê Xe Máy Tại Tuy Hòa Phú Yên,0166 666 1221,Phú Yên,Thuê xe
CÔNG TY TNHH PHÁT TRIỂN DỊCH VỤ THƯƠNG MẠI HOÀNG GIA,0975.060.368,Hà Nội,Thuê xe
Công Ty TNHH Vận Tải & Du Lịch Hồ Lộc,(0511) 3655220,Đà Nẵng,Thuê xe
Công Ty Cổ Phần Du Lịch Và Vận Tải DNT,"(04) 35666722, 35666466",Hà Nội,Thuê xe
Công Ty Cổ Phần Thương Mại Và Du Lịch Sơn Hà,(04) 39430114,Hà Nội,Thuê xe
Công Ty Cổ Phần Công Nghệ DiDi Việt Nam,"(04) 35266666, (04) 39919919",Hà Nội,Thuê xe
Công Ty TNHH Thương Mại Du Lịch Đất Chín Rồng,"(0292) 3969698, 0939 595 107",Cần Thơ,Thuê xe
Công Ty TNHH Thương Mại Dịch Vụ Du Lịch Tình Bạn Việt,"(0511) 3824499, 3825597",Đà Nẵng,Thuê xe
Cứu Hộ Lâm Đồng,(063) 3911967,Lâm Đồng,Thuê xe
Công Ty TNHH MTV Thương Mại Và Dịch Vụ Dũng Âu,0918 624 541,Cần Thơ,Thuê xe
Công Ty TNHH Asia Destination,(058) 3820120,Khánh Hòa,Thuê xe
Công Ty TNHH Du Lịch Và Thương Mại ANNAM,(024) 37676423,Hà Nội,Thuê xe
Công Ty TNHH Đại Đoàn Kết,(04) 39381550,Hà Nội,Thuê xe
Công Ty Cổ Phần Thương Mại & Hợp Tác Quốc Tế Đất Mới,"02466733377, 0983003317",Hà Nội,Thuê xe
Công Ty TNHH Vận Tải Và Du Lịch Anh Vũ,"(024) 66883315, 0982.573.898",Hà Nội,Thuê xe
Công Ty TNHH Thương Mại Du Lịch Nam Long,"(058) 3540055, 3706181, 3526166",Khánh Hoà,Thuê xe
Công Ty TNHH Thương Mại Và Du Lịch Hoàng Nhựt,"0908 286 464, 0908 387 875",Tp Hcm,Thuê xe
Công Ty TNHH TM - DV Vận Tải Thiên Phát,0936 992 667,Tp Hcm,Thuê xe
Công Ty Cổ Phần Du lịch Văn Lang,(061) 3824268,Bình Dương,Thuê xe
Công Ty TNHH MTV Dịch Vụ Du Lịch Đảo Ngọc Kim Cương,(077) 3992325,Kiên Giang,Thuê xe
Khách Sạn Thành Đại Nam,"(0650) 3845678, 3896389, 3891389",Bình Dương,Thuê xe
Công Ty TNHH TMDV Ô Tô Vạn An,0989403456,Hà Nội,Thuê xe
Công Ty Cổ Phần Vận Tải Du Lịch Hưng Long,(024) 36889889,Hà Nội,Thuê xe
Công Ty TNHH Du Lịch Phú Thọ Xanh,"(08) 39637041, 39637042, 22121447",Tp Hcm,Thuê xe
Dịch Vụ Cho Thuê Xe Du Lịch Hồ Chí Minh,(08) 66819666,Tp Hcm,Thuê xe
Công Ty TNHH Vận Tải Quốc Tế Thái Phát,"(08) 38262676, 38262236",Tp Hcm,Thuê xe
Công Ty TNHH Dịch Vụ Du Lịch Nam Nhật Tân,"(028) 22443316, 0919.040.843",Tp Hcm,Thuê xe
Công Ty Du Lịch Hoa Sen Châu Á,(08) 37581056,Tp Hcm,Thuê xe
Trung Tâm Điều Hành Hướng Dẫn Du Lịch - Công Ty CP Du Lịch Hải Phòng,(031) 3842989,Hải Phòng,Thuê xe
Công Ty TNHH Cho Thuê Xe Cần Thơ,(0292) 3768472,Cần Thơ,Thuê xe
Công Ty TNHH Thương Mại Vận Tải Và Du Lịch Phương Đông,"(037) 3723899, 0979 452 456",Thanh Hóa,Thuê xe
Khách Sạn Phương Huy 1 Đà Lạt,"(063) 3588567, 3614567",Lâm Đồng,Thuê xe
Công Ty TNHH Vận Tải Du Lịch Minh Hoàng,(0232) 3856568,Quảng Bình,Thuê xe
Cửu Long Phú Quốc Resort,"(0297) 3994833, 3994823",Kiên Giang,Thuê xe
Công Ty Cổ Phần Bigbigtrans,(028) 22450751,Tp Hcm,Thuê xe
Công Ty TNHH Xây Dựng Dịch Vụ Du Lịch Khám Phá Việt,"(08) 66732363, 62584973",Tp Hcm,Thuê xe
Công Ty TNHH Thương Mại Đầu Tư Du Lịch Tín Việt,(08) 35923473,Tp Hcm,Thuê xe
Công Ty TNHH Thương Mại Dịch Vụ Vận Tải Hoa Việt,"(08) 35880357, 22406822",Tp Hcm,Thuê xe
Công Ty TNHH Nắng Đà Nẵng,(0511) 3991917,Đà Nẵng,Thuê xe
Công Ty TNHH TIENHOAICOM,(04) 65554999,Hà Nội,Thuê xe
Công Ty TNHH MTV Dịch Vụ Vận Tải Quốc Tế Hoàng Nguyễn,"(028) 38165565, 0916 303 082",Tp Hcm,Thuê xe
Công Ty TNHH TM  DV Du Lịch Hoàng Hải,(024) 38694567,Hà Nội,Thuê xe
Công Ty TNHH Thương Mại & Dịch Vụ Du Lịch Kỳ Quan Việt,"(04) 39328771, 39382112",Hà Nội,Thuê xe
Công Ty Cổ Phần Du Lịch Thanh Niên Xung Phong (V.Y.C),"(08) 38368899, 38368989",Tp Hcm,Thuê xe
Công Ty TNHH Cổng Du Lịch Việt,1900555576,Tp Hcm,Thuê xe
Công Ty TNHH Du Lịch Hoa Phượng Tím,0973 055 948,Lâm Đồng,Thuê xe
Công Ty TNHH MTV Thương Mại Dịch Vụ Du Lịch Kỳ Nghỉ Việt,(08) 22290588	,Tp Hcm,Thuê xe
Công Ty TNHH Thương Mại Dịch Vụ Du Lịch Quốc Khải,"(08) 38493127, 38493128",Tp Hcm,Thuê xe
Công Ty TNHH Du Lịch Và Giải Trí Phú An - Great Lavita,(04) 36417686,Hà Nội,Thuê xe
Công Ty TNHH Một Thành Viên Công Nghệ Số Tân Minh Long,"(08) 39717991, 3971995",Tp Hcm,Thuê xe
Công Ty TNHH Du Lịch Nam Phúc,0243.655.6466,Hà Nội,Thuê xe
Công Ty TNHH Thương Mại Dịch Vụ Du Lịch Việt An,"(08) 35886461, 35886391",Tp Hcm,Thuê xe
Công Ty TNHH Du Lịch Hải Phát,(0294) 3865898,Trà Vinh,Thuê xe
New Sun Phu Quoc Hotel - Khách Sạn New Sun Phú Quốc,(077) 3996941,Kiên Giang,Thuê xe
Doanh Nghiệp Tư Nhân Cho Thuê Xe Du Lịch Dũng Tâm,"0979 042 708, 093 5920 056",Phú Yên,Thuê xe
Công Ty TNHH MTV Du Lịch Và Thương Mại Tinh Hoa,"(08) 36083608, 62601628",Tp Hcm,Thuê xe
Công Ty TNHH HT Việt Nam Travel,(028) 37170673,Hà Nội,Thuê xe
Công Ty Cổ Phần Phát Triển Thương Mại & Du Lịch Quốc Tế Ngôi Sao,"(04) 37222373, 38230230",Hà Nội,Thuê xe
Công Ty TNHH Dịch Vụ Vận Tải Hoàng Phú,(024) 38772236,Hà Nội,Thuê xe
Công Ty Cổ Phần Thương Mại Du Lịch Vận Tải Bình Minh,(08) 35511809,Tp Hcm,Thuê xe
Công Ty TNHH Thương Mại Dịch Vụ Du Lịch Nguyên Khang,"(0510) 3919293, 3919778",Quảng Nam,Thuê xe
Công Ty TNHH Thương Mại Vầ Dịch Vụ Du Lịch Việt Thái,"(08) 39165336, 39165337, 39165338",Tp Hcm,Thuê xe
Công Ty TNHH Du Lịch Việt Nam 24h,(08) 66819592,Tp Hcm,Thuê xe
Công Ty TNHH Đầu Tư Thương Mại Và Du Lịch Hoa Mai,"(024) 37567345, 098.444.8158",Hà Nội,Thuê xe
CÔNG TY TNHH DU LỊCH PHÚ SĨ,(028) 3602 3147 - 3602 3157,Hà Nội,Thuê xe
Công Ty TNHH MTV Thương Mại Dịch Vụ Vận Tải Khang Tường,0915979878,Bình Dương,Thuê xe
Công ty TNHH Dịch Vụ Thường Mại Và Sản Xuất Đức Phúc,0982 098 850,Bắc Ninh,Thuê xe
Công Ty TNHH Vận Tải Du Lịch Và Thương Mại Vũ Khoa,(0511) 3550044,Đà Nẵng,Thuê xe
Công Ty CPThương Mại Vận Tải Và Du Lịch Hồng Đa,"(0236) 3782782, 0912 46 42 43",Đà Nẵng,Thuê xe
Công Ty TNHH Hướng Dẫn Du Lịch Việt Nam,(08) 38620015,Tp Hcm,Thuê xe
Công Ty TNHH Timur Travel,"0933 777 637, 0903 777 637",Tp Hcm,Thuê xe
Công Ty TNHH  Dịch Vụ Và Thương Mại Tùng Lâm,0983.610.888,Hà Nội,Thuê xe
Công Ty Cổ Phần Thương Mại Dịch Vụ Du Lịch Việt Á Âu,"(08) 38333738, 38333739, 38333188",Tp Hcm,Thuê xe
Công Ty TNHH TM & DV Du Lịch Top Global,(0511) 3654777,Đà Nẵng,Thuê xe
Công Ty TNHH MTV Du Lịch Và Thương Mại Vĩnh Tường,0969 301 596,Vĩnh Phúc,Thuê xe
Công Ty TNHH MTV Dịch Vụ Du Lịch Việt Asia,(08) 35034251,Tp Hcm,Thuê xe
Trung Tâm Lữ Hành Top Travel,(04) 6655 8800,Hà Nội,Thuê xe
Khách Sạn Đế Vương ( HANOI IMPERIAL HOTEL ),(04) 39335555,Hà Nội,Thuê xe
Công Ty TNHH Thương Mại Dịch Vụ Vận Tải Du Lịch Hoàng Minh Trí,(028) 39722363,Tp Hcm,Thuê xe
Công Ty TNHH Dịch Vụ Và Du Lịch Bốn Bạn,"(08) 39490963, 62675718",Tp Hcm,Thuê xe
Dịch Vụ Du Lịch Thiên Phúc,0919 133 222,Cần Thơ,Thuê xe
Công Ty Du Lịch Hoàng Khởi,(028) 66601616,Hà Nội,Thuê xe
Công Ty TNHH Phát Triển Thương Mại Và Dịch Vụ Du Lịch Nhà Việt,(04) 35372666,Hà Nội,Thuê xe
Công Ty TNHH Vận Tải Và Du Lịch Đông Nam,(08) 66806200,Tp Hcm,Thuê xe
Công Ty TNHH Thương Mại Du Lịch Hành Trình Trẻ,"(08) 39231185, 38362375",Tp Hcm,Thuê xe
Công Ty TNHH Thương Mại Và Dịch Vụ Vina Hoàng Long,"0917 892 866, 0947 892 866",Hà Nội,Thuê xe
Nhà Xe Anh Kỳ,0906 509 799,Bình Định,Thuê xe
Công Ty Du Lịch Hội An,0935 753 336,Quảng Nam,Thuê xe
Công Ty TNHH Vận Tải Và Du Lịch Hải Nam,"(04) 62927086, 38772360",Hà Nội,Thuê xe
Công Ty Cổ Phần Đầu Tư Phát Triển Thương Mại Và Du Lịch Goldsun,(0211) 6335888,Vĩnh Phúc,Thuê xe
Hợp Tác Xã Vận Tải & Du Lịch Q.10,(08) 38557483,Tp Hcm,Thuê xe
Công Ty TNHH ĐT TM DV Du Lịch Thiên Phúc,(08) 38373877,Tp Hcm,Thuê xe
Doanh Nghiệp Tư Nhân Vận Tải Hải Nguyên,0905 961 447,Bình Định,Thuê xe
Công Ty Cổ Phần Thương Mại Dịch Vụ Du Lịch Hiền Thảo,(08) 39520379,Tp Hcm,Thuê xe
Công Ty TNHH Thương Mại Dịch Vụ Du Lịch 777,0917 775 560,Tp Hcm,Thuê xe
Công Ty TNHH Du Lịch Và Thương Mại Sông Hồng,"(024) 35569999, 0983 835 858",Hà Nội,Thuê xe
Công Ty Cổ Phần Đào Tạo Và Du Lịch Quốc Tế Hà Thành,(04) 37938085,Hà Nội,Thuê xe
Trung Tâm Dịch Vụ Du Lịch 727,(08) 38402288,Tp Hcm,Thuê xe
Công Ty Cổ Phần Đầu Tư Thương Mại Du Lịch Vận Tải Và Tài Chính Châu Á - VP Xe Hoàng Quân,(04) 66836607,Hà Nội,Thuê xe
Công Ty TNHH Thương Mại Và Du Lịch Linh An,"(024) 37872133, 0948 331 369",Hà Nội,Thuê xe
Công Ty Cổ Phần Du Lịch Quốc Tế Mở Hạ Long,(033) 2460038,Quảng Ninh,Thuê xe
Công Ty CP Đầu Tư TM Du Lịch Vận Tải & Tài Chính Châu Á – Văn Phòng Cho Thuê Xe Hoàng Quân,(04) 66836607,Hà Nội,Thuê xe
Công Ty TNHH Dịch Vụ Du Lịch Phượng Hoàng,(08) 35059835,Tp Hcm,Thuê xe
Công Ty TNHH MTV Thành Khánh Đạt,"0935.057.797, 0981.742.145, 0905.021.244",Đà Nẵng,Thuê xe
Công Ty TNHH MTV TM Và DV Du Lịch Thanh Bình,(0651) 3866579,Bình Phước,Thuê xe
Công Ty TNHH MTV Du Lịch Miền Đất Á (ASIATRAVELLAND),"(054) 3840888, 3844844",Tt Huế,Thuê xe
Công Ty TNHH Du Lịch Quốc Tế Ánh Sao Mới,(04) 39981323,Hà Nội,Thuê xe
Công Ty TNHH Thương Mại Và Dịch Vụ Kha Trần,0327076789 - 0975 035 037,Huế,Thuê xe
Công Ty TNHH Thương Mại Dịch Vụ Phú An Khang,(028) 38982584,Tp Hcm,Thuê xe
Công Ty TNHH Dịch Vụ Vận Tải LV,0913 636 777,Cần Thơ,Thuê xe
Công Ty TNHH TMDV Vận Tải Và Du Lịch Ánh Bình Minh,0967 15 16 89,Bình Dương,Thuê xe
Công Ty TNHH Vận Tải & Du Lịch Khánh Đại Nam,(0511) 3785179,Đà Nẵng,Thuê xe
Công Ty CPTM Vận Tải Và Du Lịch Miền Bắc,(04) 66832310,Hà Nội,Thuê xe
Công Ty TNHH Thuê Xe Sài Gòn,091 778 2929,Tp Hcm,Thuê xe
Công Ty TNHH Du Lịch Việt Thắng,0909081263,Tp Hcm,Thuê xe
Công Ty Cổ Phần Đầu Tư Thương Mại Aloha Việt Nam,(04) 38430616 ,Hà Nội,Thuê xe
Công Ty TNHH Thương Mại Du Lịch Mùa Hè Xanh,"(08) 36027731, 36027732",Tp Hcm,Thuê xe
Du Lịch Vũ Bão,0913 736 893,Lâm Đồng,Thuê xe
Công Ty CPTM Vận Tải Và Du Lịch Hoàn Kiếm,(04) 35553599 ,Hà Nội,Thuê xe
Công Ty Cổ Phần Du Lịch Hoàng Gia,(08) 38618999,Tp Hcm,Thuê xe
Công Ty TNHH Du Lịch Và Giải Trí Phú An,"(04) 36417686, ",Hà Nội,Thuê xe
Công Ty CP Đầu Tư Thương Mại Và Dịch Vụ Du Lịch Trực Tuyến Việt Nam,(04) 39264833,Hà Nội,Thuê xe
Công Ty Cổ Phần AnhNguyenTour- Việt Nam,0908 898 475,Khánh Hòa,Thuê xe
Công Ty Cổ Phần MAG,0973888907,Hà Nội,Thuê xe
Công Ty TNHH Thương Mại Dịch Vụ Du Lịch Rồng Lửa Việt,(08) 39617032,Tp Hcm,Thuê xe
Công Ty Cổ Phần Xây Dựng Thương Mại Và Du Lịch Khải Hoàn Phong,"(0511) 3759759, 3759659, 3759679",Đà Nẵng,Thuê xe
Dịch Vụ Du Lịch Ngọc Quý,0917 853 438,Tp Hcm,Thuê xe
Công Ty TNHH Du Lịch Phúc Phát,0918.132.064,Tp Hcm,Thuê xe
Công Ty Cổ Phần Thương Mại Và Du Lịch Siren,(04) 39428408,Hà Nội,Thuê xe
Công Ty TNHH Vận Tải Và Dịch Vụ Du Lịch Việt Nam,(04) 39382390. 091 235 8282,Hà Nội,Thuê xe
Công Ty TNHH Hùng Kin,"0914 222 029, 0914 177 125",Đà Nẵng,Thuê xe
Công Ty Du Lịch Thắng Vinh,0935 595 857,Đà Nẵng,Thuê xe
Công Ty Cổ Phần Ali Thương Mại Và Dịch Vụ,"(04) 22668866, 23240240",Hà Nội,Thuê xe
Công Ty Cổ Phần Dịch Vụ Lữ Hành Gia Lai,(059) 3875783,Gia Lai,Thuê xe
Công Ty TNHH Dịch Vụ Tin Học Và Du Lịch Duy Long D.L,"(08) 38842785, 39210332",Tp Hcm,Thuê xe
Công Ty TNHH Đầu Tư Và Thương Mại Đức Vinh,(04) 37246688,Hà Nội,Thuê xe
Công Ty TNHH VC Du Lịch Thương Mại Trường Vũ,"(08) 35059659, 35059660",Tp Hcm,Thuê xe
Công Ty TNHH Du Lịch Open,(08) 73022888,Tp Hcm,Thuê xe
Công Ty Như Ý,0913 923 252,Tt Huế,Thuê xe
Công Ty TNHH Ngọc Thuận Phong,"(08) 39628896, 39628896",Tp Hcm,Thuê xe
Công Ty TNHH Thương Mại Dịch Vụ Hai Đô,(064) 3574856,Bà Rịa-Vũng Tàu,Thuê xe
Công Ty TNHH Du Lịch Và Thương Mại Phú Bảo Khang,"(028) 35150208, 35153697, 0908.440.093",Tp Hcm,Thuê xe
Công Ty TNHH Thương Mại Dịch Vụ Quốc Tế Âu Mỹ,"(028) 3991 8591, 0911 812 900",Tp Hcm,Thuê xe
Công Ty TNHH Thương Mại Dịch Vụ Daily Travel,"0982 015 701, 01643 834 069",Tp Hcm,Thuê xe
Công Ty TNHH DV Du Lịch Tuấn Dung,(0236) 3710007 - 0905 330 085,Đà Nẵng,Thuê xe
Công Ty TNHH Du Lịch Nha Trang Today,0938511948,Khánh Hoà,Thuê xe
Công Ty TNHH Du Lịch Và Thương Mại Tường Ánh,"(0210) 3844844, 3500444, 0913 389 555",Phú Thọ,Thuê xe
Công Ty TNHH Thương Mại Dịch Vụ Ô Tô Minh Toàn,"(0274) 3748728, 3744696",Bình Dương,Thuê xe
Công Ty TNHH Thương Mại Xây Dựng Và Dịch Vụ Du Lịch Nhật Quang,"(024) 38465587, 39172171, 0948 586 888",Hà Nội,Thuê xe
Công Ty TNHH Một Thành Viên Thương Mại Và Du Lịch Don Nghi,"0913 770 018, 0946 166 966",Tp Hcm,Thuê xe
Công Ty TNHH MTV Sản Xuất Dịch Vụ Du Lịch Gia Khang,(08) 37179416,Tp Hcm,Thuê xe
Công Ty Dịch Vụ Cho Thuê Xe Tự Lái Kim,"0914 066 895, 0943 961 311",Tp Hcm,Thuê xe
Công Ty Du Lịch BIG Đà Nẵng,0971 953 195,Đà Nẵng,Thuê xe
Công Ty TNHH Xây Lắp Và Dịch Vụ Thương Mại Du Lịch Bằng Giang,0983 950 921,Hà Nội,Thuê xe
Công Ty TNHH TM Và Du Lịch Quốc Tế Kenvin Việt Nam,0981 001 129,Tp Hcm,Thuê xe
Công Ty TNHH MTV Thương Mại Dịch Vụ Du Lịch Hạ Linh,0949 358 585,Cần Thơ,Thuê xe
Công Ty TNHH Sản Xuất Thương Mại Dịch Vụ Nguyễn Cường,(0251) 3982022,Đồng Nai,Thuê xe
Công Ty TNHH Một Thành Viên Du Lịch - Dịch Vụ Bến Thành Tourist,(028) 37228855,Tp Hcm,Thuê xe
Công Ty TNHH MTV Dịch Vụ Vận Tải Việt & Nhật,0903 180 956,Tp Hcm,Thuê xe
Công Ty TNHH Dịch Vụ Du Lịch Huyền Thoại Việt,(08) 35531055,Tp Hcm,Thuê xe
Công Ty TNHH Vận Tải Và Thương Mại Thiên Thanh,(04) 22172662,Hà Nội,Thuê xe
Công Ty TNHH MTV HPT Car Family,(08) 62744777,Tp Hcm,Thuê xe
Công Ty TNHH Dịch Vụ LHQT Việt Picnic,(08) 73020268,Tp Hcm,Thuê xe
Công Ty TNHH Thương Mại Du Lịch Hưng Quyên,(0511) 3661955,Đà Nẵng,Thuê xe
Công Ty TNHH Vận Tải Và Du Lịch Minh Đức,"098 337 2885,  0966 678 983",Hà Nội,Thuê xe
Công Ty TNHH Thương Mại Dịch Vụ Vận Chuyển Thành Đạt,(08) 39317760,Tp Hcm,Thuê xe
Công Ty Cổ Phần Đầu Tư Và Du Lịch Vận Tải Tây Đô,"(024) 3656565, 0904 52 60 60",Hà Nội,Thuê xe
Công Ty TNHH Du Lịch Ngũ Hành Sơn,0935 002 519,Đà Nẵng,Thuê xe
Công Ty TNHH Thiên Đường Travel,0163 6377 077,Khánh Hòa,Thuê xe
Công Ty TNHH Thương Mại Dịch Vụ Du Lịch Lê Trần 312,(08) 39717712,Tp Hcm,Thuê xe
Công Ty TNHH TM Dịch Vụ Hành Trang,"0908 456 196, 0902 488 990",Tp Hcm,Thuê xe
 Công Ty TNHH Thương Mại Tiếp Thị Dịch Vụ Du Lịch Nam Phương (Thương Hiệu NP TOUR)," (08) 35511820,",Tp Hcm,Thuê xe
Công Ty TNHH Du Lịch Đặng Phúc,0932 010 533,Tp Hcm,Thuê xe
Công Ty TNHH Tiếp Vận Toàn Thắng,0912 103 556,Hà Nội,Thuê xe
Công Ty TNHH Du Lịch Dịch Vụ Thương Mại Điện Tử Hà Nội,(024) 35187153,Hà Nội,Thuê xe
Công Ty TNHH Gki Việt Nam,(04) 35625799,Hà Nội,Thuê xe
Công Ty TNHH Vận Chuyển Khách Du Lịch Phi Long,"(08) 38220767, 38293210, 38220766",Tp Hcm,Thuê xe
Công Ty TNHH Thông Tin Du Lịch Việt Nam,(08) 39951884,Tp Hcm,Thuê xe
Công Ty Cổ Phần Du Lịch Và Truyền Thông Thủ Đức,0919 637 392,Tp Hcm,Thuê xe
Công Ty TNHH MTV Cho Thuê Xe Tự Lái,0947 575 751,Cần Thơ,Thuê xe
Công Ty TNHH MTV Đinh Quỳnh Giang,"(08) 38449857, 38115794",Tp Hcm,Thuê xe
Chi Nhánh Công Ty Cổ Phần Đầu Tư Du Lịch Hà Nội Tại Hải Phòng,0899.909.920,Hải Phòng,Thuê xe
Doanh Nghiệp Tư Nhân Du Lịch Thanh Sơn,(077) 3991777,Kiên Giang,Thuê xe
Công Ty TNHH Sản Xuất Thương Mại Và Vận Chuyển An An,(08) 38463944,Tp Hcm,Thuê xe
Công Ty TNHH Mioto Việt Nam,(028) 22538937,Tp Hcm,Thuê xe
Công Ty TNHH Thương Mại Và Du Lịch Kỳ Việt,(024) 32424670 / 0972578692,Hà Nội,Thuê xe
Công Ty TNHH Hoàng Gia Thịnh,(028) 66800456,Tp Hcm,Thuê xe
Công Ty TNHH Xây Dựng Thương Mại Á Châu,(08) 38569865,Tp Hcm,Thuê xe
Công Ty TNHH Du Lịch Anh Định,(024) 38362128,Hà Nội,Thuê xe
Công Ty Du Lịch Newland,(04) 35353636,Hà Nội,Thuê xe
Công Ty TNHH Du Lịch Dấu Ấn - ANI Travel,(04) 62630333,Hà Nội,Thuê xe
Du lịch Đà Nẵng Open Tour - Công Ty TNHH MTV Dịch Vụ Du Lịch Đà Nẵng Open Tour,0236.3996 877,Đà Nẵng,Thuê xe
Công Ty TNHH Thương Mại Dịch Vụ Du Lịch Vận Tải Tấn Thành,0938 833 100,Tp Hcm,Thuê xe
Công Ty TNHH Du Lịch Tùng Vân,"01224562668, 09",Quảng Ninh,Thuê xe
Công Ty Du Lịch Hòa Thảo,(08) 98167267,Đà Nẵng,Thuê xe
Công Ty TNHH Đầu Tư Phát Triển Và Vận Tải Minh Anh,0985746116,Hà Nội,Thuê xe
Công Ty Cổ Phần Thương Mại Và Dịch Vụ D2N,"(024) 66506680, 66506680, 0904 066 465",Hà Nội,Thuê xe
Dịch Vụ Cho Thuê Xe Du Lịch HCM,(08) 66819666,Tp Hcm,Thuê xe
Công Ty TNHH Khách Sạn Du Lịch Kỳ Quan Việt,(024) 66828597 - 0933585351,Hà Nội,Thuê xe
Công ty Cổ phần xây dựng và du lịch Minh Anh,(04) 32979139,Hà Nội,Thuê xe
Công Ty TNHH Thương Mại Dịch Vụ Vận Tải  Du Lịch Lan Hương,"(08) 39628788, 38580293",Tp Hcm,Thuê xe
Dịch Vụ Du Lịch Lượng Sâm,(063) 3647088,Lâm Đồng,Thuê xe
Công Ty TNHH TM DV Phú Bình Dương,0941 500 500,Bình Dương,Thuê xe
Công Ty TNHH Du Lịch Vận Tải Ngọc Minh,0967279998,Hà Nội,Thuê xe
Công Ty TNHH Lumina Việt Nam,0976 303 436,Hà Nội,Thuê xe
Công Ty TNHH Bali Limousine,"(028) 39749749, 0939 550 855",Tp Hcm,Thuê xe
Công Ty Cho Thuê Xe Giá Rẻ Tại Hà Nội,0163.841.8888,Hà Nội,Thuê xe
Công ty TNHH Thương Mại và Dịch Vụ Vịnh Nha Trang,(0258) 3500190 - 0911951879,Khánh Hòa,Thuê xe
Hợp Tác Xã Vận Tải Du Lịch Trường Thành,"(050) 3601601, 0913 496 682",Đắk Lắk,Thuê xe
Công Ty TNHH Thương Mại Du Lịch Khải Quang,(0511) 3937744,Đà Nẵng,Thuê xe
Công Ty TNHH Giao Nhận Vận Chuyển Vina Rental,"(028) 62818022,  0928 626 668",Tp Hcm,Thuê xe
Công Ty TNHH Thương Mại Và DV Du Lịch MP,0909 335 385,Tp Hcm,Thuê xe
Dịch Vụ Cho Thuê Xe Du Lịch Minh Đạt,0909 173 458,Tp Hcm,Thuê xe
Dịch Vụ Cho Thuê Xe Hùng,(071) 3810267,Cần Thơ,Thuê xe
Công Ty Cổ Phần Hà Nội TSC,(04) 38779977,Hà Nội,Thuê xe
Công Ty TNHH MTV TMDV Viễn Thông Lưu An,(0650) 6545454,Bình Dương,Thuê xe
Công Ty TNHH MTV Thương Mại Dịch Vụ Tú Toàn Tiến,0937 554 454,Bình Dương,Thuê xe
Công Ty TNHH Dịch Vụ Du Lịch Thương Mại & Vận Tải Đa Bảo,(0511) 3751328,Đà Nẵng,Thuê xe
Công Ty TNHH Thương Mại Dịch Vụ Vận Tải Du Lịch Tất Thành Đạt,(028) 62522646,Tp Hcm,Thuê xe
Công Ty Cổ Phần Thương Mại Dịch Vụ Châu Âu Luxury,"(028) 35114471, 35114477,  0918 176 999",Tp Hcm,Thuê xe
Công Ty TNHH Vận Tải Và Du Lịch Đức Vinh,"(024) 37246688,  0912 206 287",Hà Nội,Thuê xe
Công Ty TNHH Thương Mại Và Du Lịch Á Châu Nha Trang,034 8888 789,Khánh Hòa,Thuê xe
Công Ty TNHH MTV Dịch Vụ Du Lịch Phước Thông,(0511) 3.705192,Đà Nẵng,Thuê xe
Công ty TNHH Litchee Travel,0915338688,Hà Nội,Thuê xe
Doanh Nghiệp Tư Nhân Vy Vy,"(028) 39852278, 0938 787 787",Tp Hcm,Thuê xe
Công Ty TNHH MTV Dịch Vụ Vận Tải Kim Vũ,0933 048 841,Tp Hcm,Thuê xe
Công Ty TNHH Thương Mại Và Đầu Tư Du Lịch Trang Long,(024) 37631361,Hà Nội,Thuê xe
Công Ty TNHH MTV Banaway Travel,0901 619 639 - 0867 619 639,Đà Nẵng,Thuê xe
Công Ty TNHH Tây Nam Kim Đô,(028) 37406128,Tp Hcm,Thuê xe
Công Ty Dịch Vụ Du Lịch Chí Tâm,(028) 39911006,Tp Hcm,Thuê xe
Du Lịch Nguyễn Quí,"0915 533 088, 0917 215 988",Bình Dương,Thuê xe
Công Ty TNHH Vận Tải Và Du Lịch Xe Sài Gòn,"0826204060, 0357051457",Tp Hcm,Thuê xe
Công Ty Thuê xe Đà Nẵng 365,"(0236) 2660806, 0935 214 222",Đà Nẵng,Thuê xe
Công Ty TNHH Ô Tô Hiệp Lợi,"(0274) 3838222, 3898555, 0902 48 22 22",Bình Dương,Thuê xe
Dịch Vụ Trường Vân Cho Thuê Xe,(08) 35892182,Tp Hcm,Thuê xe
Công Ty Du Lịch Nhất Phong,"(0511) 3823382, 3766866",Đà Nẵng,Thuê xe
Công Ty Cổ Phần Thương Mại Và Phát Triển Du Lịch Bảo An,0916 995 991,Hà Nội,Thuê xe
Mr. Khang,0988 623 939,Bình Dương,Thuê xe
Công Ty TNHH Dịch Vụ Du Lịch Biển Việt,0961 866 634,Bình Thuận,Thuê xe
Công Ty Cổ Phần Sản Xuất Kinh Doanh Dịch Vụ Và Xuất Nhập Khẩu Quận 1,"(028) 38230611, 0902 383 188",Tp Hcm,Thuê xe
Cho Thuê Xe Du Lịch Việt Linh,"0905 068 486, 01234 068 486, 01689 160 602",Phú Yên,Thuê xe
Visa Liên Đại Dương,0903309776 - 028.39020426,Tp Hcm,Thuê xe
HP Star Tour - Công Ty Cổ Phần Du Lịch Và Thương Mại Sao Hải Phòng,"(0225) 3569075, 0903 233 121 – 0934 242 296",Hải Phòng,Thuê xe
Công Ty Cổ Phần Liên Minh Du Lịch Toàn Cầu,0943398288,Hà Nội,Thuê xe
Công Ty TNHH Du Lịch Vận Tải Tiến Phát,"(028) 62508389,",Tp Hcm,Thuê xe
Công Ty TNHH Thương Mại Dịch Vụ Du Lịch Ev Việt Nam,(024) 3378 3838 - 0986151522,Hà Nội,Thuê xe
Công Ty TNHH Thương Mại Nectar,0945702790,Bắc Ninh,Thuê xe
Công Ty TNHH Phát Triển Du Lịch Non Nước Việt,0904.834.026 - 0906.061.630 - 0984.234.09,Hải Phòng,Thuê xe
Công Ty TNHH Biệt Thự Nghỉ Dưỡng LE VILLA,0868.956.067,Tp Hcm,Thuê xe
Công Ty du lịch Việt Du,0915797718,Tp Hcm,Thuê xe
Công Ty TNHH Xe Hà Tĩnh,0916761118,Hà Tĩnh,Thuê xe
Nhà Phân Phối Gia Thịnh,0918 523 839,Cần Thơ,Thuê xe
Dịch Vụ Thuê Xe Máy Tại Dương Đông Phú Quốc,0985554956,Hà Nội,Thuê xe
Công Ty TNHH TM DV & Du Lịch Luco,(028) 399 069 86,Tp Hcm,Thuê xe
Công Ty Du Lịch Mai Linh Miền Trung,0934740404,Đà Nẵng,Thuê xe
Công Ty Cổ Phần Saigon Star - Saigon Star Travel,0902998694,Tp Hcm,Thuê xe
Công ty TNHH Thương Mại Và Dịch Vụ Du Lịch 24h,0931 999 180,Đà Nẵng,Thuê xe
Xe Đưa Đón Sân Bay Cam Ranh Thu Hiền,"0935936358, 0915833840",Khánh Hòa,Thuê xe
Cần Giờ Tourist,0283987 6155,Tp Hcm,Thuê xe
Công Ty TNHH Du Lịch Tâm Lộc,0983111786,Hà Nội,Thuê xe
Thuê Xe Bảo Minh - Công ty TNHH Anh Em Bảo Minh,0978143954,Hà Nội,Thuê xe
Du Lịch Lan Hạ Xanh - Công Ty Cổ Phần Du Lịch Quốc Tế Lan Hạ Xanh,0976951999,Hà Nội,Thuê xe
Công Ty TNHH Truyền Thông Sự Kiện Phúc Nguyên,"024 3736 9024, 024 7305 9688",Hà Nội,Thuê xe
Công Ty TNHH Thương Mại Và Du Lịch Nam Việt Cường,"0989242805, 0913374303",Hải Dương,Thuê xe
Công Ty TNHH TNHH Đầu Tư Dịch Vụ Và Du Lịch Á Đông,0913 394 789,Hải Phòng,Thuê xe
Tổng Đài Taxi Star,02593952952,Ninh Thuận,Thuê xe
Công Ty Hào Hùng,"0968.19.6668, 035.219.5555",Hà Nội,Thuê xe
Công Ty Cổ Phần Vận Tải Và Du Lịch Cent,"1900955559, 0834808080",Hà Nội,Thuê xe
Công Ty Cổ Phần Đầu Tư Và Du Lịch Hà Thành,"0968742813, 0369077335",Hà Nội,Thuê xe
Công Ty TNHH Sigo Việt Nam,0938165616,Tp Hcm,Thuê xe
PT Travel - Công Ty Cổ Phần Đầu Tư Du Lịch Quốc Tế Hà Nội PT,0832577555,Hà Nội,Thuê xe
Công Ty TNHH MTV Thương Mại Và Du Lịch Unifa Travel,090 101 90 52,Đà Nẵng,Thuê xe
Công Ty TNHH Dịch Vụ Vận Tải Và Du Lịch Huynh Đệ,"0903001655, 0909001655",Đồng Nai,Thuê xe
Công Ty CPĐT & PT Thương Hiệu Adam Việt,0941859966,Hà Nội,Thuê xe
Công Ty TNHH Thuê Xe Du Lịch Nam Định - Mai Khanh,0916 04 6679,Nam Định,Thuê xe
Vận Tải Du Lịch Phi Loan - Công Ty TNHH Thương Mại Du Lịch Phi Loan,(028) 38422268 - 0903 163 615,Tp Hcm,Thuê xe
Công Ty TNHH Thương Mại Dịch Vụ Du Lịch Việt Tín,(028) 38333108 - 0908 223 757,Tp Hcm,Thuê xe
Công Ty Cổ Phần TMDV Quê Hương,0967 471 767,Tp Hcm,Thuê xe
Công Ty TNHH Thương Mại Dịch Vụ Sukami VN,0903.984.604,Tp Hcm,Thuê xe
Công Ty TNHH Một Thành Viên Du Lịch Phương Vy Tour,0909 922 398 - 0918 692 398,Đồng Nai,Thuê xe
Công Ty TNHH MTV Du Lịch In,(028) 39899989 - 0934 797 779,Tp Hcm,Thuê xe
Công Ty TNHH Du Lịch Quốc Tế Đại Việt - GRANDVIET TOUR,(024) 3747 4138 - (024) 3724  5364,Hà Nội,Thuê xe
Công Ty TNHH Du Lịch Hoàng Nam,"(024) 38730914, 0962.203.566",Hà Nội,Thuê xe
Công Ty TNHH Dịch Vụ Phương Nghi,"(0256) 3891122, 0919 501 839",Bình Định,Thuê xe
Công Ty TNHH Lữ Hành Quốc Tế Golden Life,0256 3813959 Hotline: 1900 599946,Bình Định,Thuê xe
Công Ty TNHH Du Lịch Vận Tải Và Thương Mại Ecovico,(0236) 3712771 - 0905 204 445 - 0935 264 445,Đà Nẵng,Thuê xe
VietDa Travel - Công Ty Cổ Phần Việt Đà,"(0236) 3647979, 3647981",Đà Nẵng,Thuê xe
Công Ty TNHH MTV Vận Tải Và Du Lịch Nguyễn Anh Huy,"0932 600 060, 0914 846 932",Đồng Nai,Thuê xe
Công Ty TNHH Vận Tải Và Du Lịch Nguyễn Anh Tuấn,"0902 077 707, 0931 770 807",Đồng Nai,Thuê xe
Công Ty TNHH Việt Sài Gòn Tour,"0283526708, 0902227810, 0909141801",Tp Hcm,Thuê xe
Công Ty TNHH Vận Tải Du Lịch Và Dịch Vụ Thương Mại Long Hiền,"0903 578 012, 0975 288 111",Đà Nẵng,Thuê xe
Nhà Hàng Hương Biển,0947 000 268,Hà Nội,Thuê xe
Công Ty TNHH Thương Mại Và Du Lịch Khát Vọng Việt,(024) 66635511,Hà Nội,Thuê xe
Tổng Công Ty Vận Chuyển Hàng Hóa Hàng Không Việt Nam,"0932 109 595, 0906 990 125",Tp Hcm,Thuê xe
Công Ty TNHH MTV Tuấn Việt Nhất,"(0274) 3763269, 0988 190 678",Bình Dương,Thuê xe
Công Ty Cổ Phần Thương Mại Du Lịch Và Tổ Chức Sự Kiện Việt Nam,(024) 6686 1106 - (024) 3562 7741,Hà Nội,Thuê xe
Công Ty TNHH Du Lịch Đại Thế Giới,"(028) 62911211, 0903 998 111",Tp Hcm,Thuê xe
Công Ty TNHH Dịch Vụ Và Du Lịch ABC,"028 3620 5555, 028 3620 7779",Tp Hcm,Thuê xe
Công Ty Cổ Phần Phát Triển Sản Xuất Thương Mại Sài Gòn,(028) 39318189,Tp Hcm,Thuê xe
Công Ty Cổ Phần Tư Vinh,"(0236) 3764825, 3764737, 3508509",Đà Nẵng,Thuê xe
Công Ty Cổ Phần Thương Mại Vận Tải Vàng,"(024) 62954499, 0916.386.889",Hà Nội,Thuê xe
Công Ty Cổ Phần Dịch Vụ Phương Trân,0965.328.328 - 0931.008.333,Cần Thơ,Thuê xe
Đại LÝ Vé Máy Bay Hiệp Phất Tài - Công Ty TNHH MTV Hiệp Phất Tài,"(028) 54073314, 37673314, 66513314, 62863314",Tp Hcm,Thuê xe
Công Ty TNHH Xây Dựng Thương Mại Dịch Vụ Lộc Hưng Phát,(028) 69625135,Tp Hcm,Thuê xe
Công Ty TNHH Thương Mại Dịch Vụ Thanh Hiệp Phát,"(028) 22410907, 0909.252.642",Tp Hcm,Thuê xe
Công Ty TNHH Thương Mại Dịch Vụ Vận Tải Đại Nghĩa,(028) 39716050 - 0908 847 405,Tp Hcm,Thuê xe
Công Ty TNHH MTV Thương Mại Dịch Vụ Vận Tải Phú Thành Phát,"(0251) 3844483, 0908 128 856",Đồng Nai,Thuê xe
Công Ty TNHH MTV Phú Thành Hiệp N,(0272) 3655686,Long An,Thuê xe
Shop Hoa Lan Nghi,"(028) 35026056, 38866876",Tp Hcm,Thuê xe
Công Ty TNHH Truyền Thông Du Lịch Phúc Thịnh,0989 114 488,Tp Hcm,Thuê xe
Công Ty Cổ Phần Abc Toàn Cầu,"024.37199100, Hotline: 0364895868",Hà Nội,Thuê xe
Công Ty Cổ Phần Đầu Tư Du Lịch Toàn Cầu,"02439948904, 0909254511",Hà Nội,Thuê xe
Công Ty TNHH Du Lịch Giấc Mơ Việt,0935999886,Hà Nội,Thuê xe
Công Ty TNHH Vận Tải Và Thương Mại Hoàng Thắng,(0221) 18525252,Hưng Yên,Thuê xe
Công Ty TNHH Dịch Vụ Du Lịch Tuấn Dũng,"(0236) 3828384, 0914 43 43 43",Đà Nẵng,Thuê xe
Công Ty TNHH Sản Xuất Thương Mại Du Lịch MeMo,"(028) 38841783, 22005008",Tp Hcm,Thuê xe
Công Ty TNHH Thương Mại Du Lịch Phong Cảnh Việt,(028) 38110388,Tp Hcm,Thuê xe
Công Ty Cổ Phần Du Lịch Thương Mai Và Đầu Tư Tracotour,"(024) 39713627, 39711692",Hà Nội,Thuê xe
Công Ty TNHH MTV Phú Lộc Bình,0983 494 272,Đà Nẵng,Thuê xe
Công Ty TNHH MTV Du Lịch Phong Cách Việt,"(028) 3553 2095, 0934 008 116",Tp Hcm,Thuê xe
Công Ty TNHH Dịch Vụ Thương Mại Và Vận Tải Nhất Thiên Sơn,"(028) 39165131, 093.4689.393",Tp Hcm,Thuê xe
Công Ty TNHH Thương Mại Dịch Vụ Và Du Lịch Đất Tây Đô,"(0292) 3768471, 3768472, 3768473, 0939.593.567",Cần Thơ,Thuê xe
Công Ty Cổ Phần Phát Triển Thương Mại Và Du Lịch Phù Đổng,0912 075 844,Hà Nội,Thuê xe
Công Ty TNHH Quang Hùng,"(0254) 3531861, 3531860, 0933 700 898",Bà Rịa-Vũng Tàu,Thuê xe
Công Ty TNHH Tứ Diệp Thảo,"(024) 22005708, 22005709, 22606694, 22606695",Hà Nội,Thuê xe
Công Ty TNHH Thương Mại Và Du Lịch Sài Gòn Bình Minh,"0917 111 877, 028 39252995",Tp Hcm,Thuê xe
Công Ty TNHH Thương Mại Dịch Vụ Và Du Lịch Thiên Ý Thành,"(0270) 6270049, 6270079 - 0914 031 559",Vĩnh Long,Thuê xe
Công Ty Cổ Phần Môi Trường Đô Thị Quy Nhơn,"(0256) 3822545, 3826609",Bình Định,Thuê xe
Công Ty Cổ Phần Thương Mại Và Dịch Vụ Du Lịch Đà Nẵng Xanh,"(0236) 2475555, 6506789",Đà Nẵng,Thuê xe
Công Ty TNHH Thương Mại Dịch Vụ Du Lịch Lúa Vàng,"(0292) 6257676,  0938.43.24.26",Cần Thơ,Thuê xe
Công Ty TNHH Dịch Vụ Du Lịch Nối Vòng Tay Lớn,0966 653 888 - 0936 868 282,Hà Nội,Thuê xe
Doanh Nghiệp Tư Nhân Dịch Vụ Du Lịch Biển Hà Tiên,(0297) 370 1575,Kiên Giang,Thuê xe
Công Ty Cổ Phần VNTour,1900555578,Tp Hcm,Thuê xe
Công Ty TNHH MTV Lữ Khách Việt,0933 748 666,Đồng Nai,Thuê xe
Công Ty TNHH Thương Mại Dịch Vụ Du Lịch Trần Đặng,(028) 38389593,Tp Hcm,Thuê xe
Công Ty TNHH Đầu Tư Thương Mại Và Du Lịch Mở Hà Nội,024 3912 0000 – 0904 988 377,Hà Nội,Thuê xe
Công Ty TNHH Du Lịch Và Vận Tải Đinh Vy Vân,"(0263) 3900792, 0908 032 339",Lâm Đồng,Thuê xe
Công Ty TNHH Thương Mại Và Du Lịch An Tâm,"0972 60 70 50, 0912 121 836",Hà Nội,Thuê xe
Công Ty Cổ Phần Phú Mỹ Phát,0904.402.402 - 0905.627.627 - 0977.627.627,Đà Nẵng,Thuê xe
Công Ty Cổ Phần Thương Mại Và Du Lịch Phú Hoàng Minh,"(024) 39271362, 39907235, 0936 686 086",Hà Nội,Thuê xe
Công Ty Cổ Phần Du Lịch Và Thương Mại Quốc Tế Á Âu,"(024) 35668268, 35668266, 63257536",Hà Nội,Thuê xe
Công Ty Cổ Phần Tập Đoàn Vận Tải Phượng Hoàng,"(0221) 3551464, 3862022",Hưng Yên,Thuê xe
Công Ty Cổ Phần Dịch Vụ An Dân,"(04) 37464646, 36414141",Hà Nội,Thuê xe
Công Ty TNHH Du Lịch Nụ Cười Việt,0908 010 274,Bà Rịa-Vũng Tàu,Thuê xe
Công Ty TNHH Vận Tải Và Du Lịch Tùng Dương,"0937.444.444, 0984.359.999",Hà Nội,Thuê xe
Công Ty TNHH Du Lịch Lữ Hành Văn Lang,"(0273) 3710904, 3710905",Tiền Giang,Thuê xe
Công Ty Cổ Phần Du Lịch Việt Nam TravelMart,(0236) 3886555,Đà Nẵng,Thuê xe
Công Ty Cổ Phần Xúc Tiến Thương Mại Đầu Tư Và Du Lịch ANZ,"0987 12 13 18, 024 397 444 05",Hà Nội,Thuê xe
Công Ty TNHH Du Lịch Chân Trời Mới,(028) 35140507,Tp Hcm,Thuê xe
Công Ty TNHH MTV Thái Loan Phát,(0251) 3826555,Đồng Nai,Thuê xe
Avani Harbour View Hotel,(0225) 3827827,Hải Phòng,Thuê xe
Công Ty TNHH Thương Mại Dịch Vụ Du Lịch Xây Dựng Gia Huy,(028) 71096868​,Tp Hcm,Thuê xe
Công Ty TNHH Hiệp Phong Phát,(028) 62672188,Tp Hcm,Thuê xe
Công Ty TNHH Thương Mại Điện Tử Du Lịch Thời Đại Việt,0911.329.788,Tp Hcm,Thuê xe
Công ty Du Lịch Hành Trình Việt - Công Ty TNHH Du Lịch Vận Chuyển Hành Trình Việt,0908 618 571,Tp Hcm,Thuê xe
Công Ty TNHH MTV Giao Nhận Vận Tải Thái Bình Phát,(0274) 3777190,Bình Dương,Thuê xe
Công Ty TNHH Phú Đạt Gia,"(0234) 3589993, 3589994, 3589995",Tt Huế,Thuê xe
Công Ty Cổ Phần Thương Mại Dịch Vụ Hanoitrans,"(024) 38779977, 0913 534 040",Hà Nội,Thuê xe
Công Ty TNHH Thương Mại Và Dịch Vụ Du Lịch Quảng Đà Thành,(0236) 2638638,Đà Nẵng,Thuê xe
Công Ty TNHH Dịch Vụ Du Lịch Đất Nước Việt,"(028) 38210737, 38210739",Tp Hcm,Thuê xe
Công ty TNHH Trần Gia Phú Thái,19001281,Hà Nội,Thuê xe
Công Ty CP TMDV Du Lịch Tình Yêu Việt (VIET LOVE TRAVEL),(028) 37266636/ 0919 600 087,Tp Hcm,Thuê xe
Công Ty TNHH Đầu Tư Và Du Lịch Nét Việt,(028) 38957456,Tp Hcm,Thuê xe
Công Ty TNHH Thương Mại Và Dịch Vụ Du Lịch Thành Thành,(058) 3527007,Khánh Hòa,Thuê xe
Công Ty TNHH Minh Phong,(0258) 3514924,Khánh Hòa,Thuê xe
Công Ty TNHH Thương Mại Và Du Lịch Phong Lưu,"0933 114 339, 0905204530, 0909456557",Lâm Đồng,Thuê xe
Công Ty TNHH Thương Mại Dịch Vụ Xây Dựng Quang Long,(028) 62731792 - 0983 767 410,Tp Hcm,Thuê xe
Công Ty Cổ Phần Đầu Tư Thương Mại Và Du Lịch Kinh Đô - KINHDO TRAVEL,"(024) 35190717, 0904376116",Hà Nội,Thuê xe
Công Ty TNHH Dịch Vụ Du Lịch Khánh Lan,"(028) 39411157, 39411157, 37770138",Tp Hcm,Thuê xe
Công Ty CP Du Lịch Quốc Tế ALO TOUR,0936 759 666 - 0977 173 666,Hải Phòng,Thuê xe
Công Ty TNHH TM Và DV Go Travel,(84-28) 3838 3878,Tp Hcm,Thuê xe
Công Ty TNHH MTV TM Và Dịch Vụ Trung Hưng phát,(028) 62822079,Tp Hcm,Thuê xe
Công Ty TNHH MTV Công Nghệ Và Dịch Vụ Kim Long,(0236) 3656300 - 0905 680 486,Đà Nẵng,Thuê xe
Dịch Vụ Cho Thuê Xe Tại Long Xuyên,0918 375 120,An Giang,Thuê xe
Cứu Hộ Giao Thông Bình Dương,(0650) 3691791,Bình Dương,Thuê xe
Công Ty Cổ Phần Truyền Thông Sự Kiện Du Lịch Phú Dũng,"(024) 35146929, 37765480, 0978.136.666",Hà Nội,Thuê xe
Công Ty TNHH Du Lịch Hành Trình Phương Đông,"(024) 37480841, 0378607777",Hà Nội,Thuê xe
Công Ty Cổ Phần Thương Mại Dịch Vụ HaNoiTRANS,(024) 38 77 99 77,Hà Nội,Thuê xe
Công Ty Cổ Phần Du Lịch Và Thương Mại Bắc Thăng Long,(024) 35332077,Hà Nội,Thuê xe
Công Ty TNHH Thương Mại Và Dịch Vụ Du Lịch Quê Hương Việt,(08) 62639377,Tp Hcm,Thuê xe
Công Ty TNHH Xúc Tiến Thương Mại Quốc Tế VTE (V.T.E travel),(024) 35668372,Hà Nội,Thuê xe
Công Ty Cổ Phần Du Lịch Và Thương Mại Hải Đăng,(024) 39454500,Hà Nội,Thuê xe
Công Ty TNHH Dịch Vụ Thương Mại Du Lịch Đông Âu,"0909 824 539, 0918 333 303, 0989 002 468",Tp Hcm,Thuê xe
Công Ty TNHH MTV Thương Mại Du Lịch Đồng Hành Việt,(0236) 2247076,Đà Nẵng,Thuê xe
Công Ty TNHH Đồng Nội Phú Quốc,(0297) 3994 444,Kiên Giang,Thuê xe
Công Ty Cổ Phần Thương Mại Và Du Lịch Rồng Việt,"(0225) 3503435, 0902 242 325",Hải Phòng,Thuê xe
Công Ty Tổ Chức Hội Nghị Sự Kiện và Du Lịch Quốc Tế Hòa Bình,"(04) 37325976, 35171797",Hà Nội,Thuê xe
Công Ty TNHH Lương Thanh Hải,(0251) 3569869,Đồng Nai,Thuê xe
Công Ty TNHH Thương Mại Và Dịch Vụ Du Lịch Bắc Á,"(024) 38383211, 37336500, 39907228",Hà Nội,Thuê xe
Công Ty Cổ Phần Truyền Thông Và Du Lịch Bản Sắc Việt,"(04) 35991666, 35991555",Hà Nội,Thuê xe
Công Ty TNHH Đầu Tư Du Lịch Minh Giang,"(04) 39949166, 39995032",Hà Nội,Thuê xe
Công Ty TNHH Thương Mại Và Du Lịch Hanoi Newtour,(04) 36700566,Hà Nội,Thuê xe
Công Ty TNHH Nhà Nước MTV Du Lịch Công Đoàn Hà Nội,"(024) 37192197, 37192181",Hà Nội,Thuê xe
Công Ty TNHH Một Thành Viên Ân Thanh Nam,0965 636 997,Bình Dương,Thuê xe
Công Ty Cổ Phần Cơ Khí Sơn La,(022) 3874343,Sơn La,Thuê xe
Xuân Đại Thắng Hotel - Công Ty TNHH Dịch Vụ Bảo Vệ Xuân Đại Thắng,(0251) 3602268 - 0933.339.939,Đồng Nai,Thuê xe
Công Ty TNHH An Cường Anh,"(0274) 3766585, 3784669",Bình Dương,Thuê xe
Công Ty TNHH Thương Mại Và Du Lịch Hành Trình Xanh,(04) 321207019,Hà Nội,Thuê xe
Công Ty TNHH Du Lịch Huyền Thoại,(0251) 3988692,Đồng Nai,Thuê xe
Công Ty Cổ Phần Du Lịch Và Dịch Vụ Minh Hải,(0290) 3831828,Cà Mau,Thuê xe
Công Ty Cổ Phần Du Lịch Thương Mại Quốc Tế Năm Châu,0936 126 188,Hà Nội,Thuê xe
Công Ty TNHH Thương Mại Và Dịch Vụ Du Lịch Hà Trang,02583515177,Khánh Hòa,Thuê xe
Công Ty TNHH Vũ Hùng Phát,(024) 32808080,Hà Nội,Thuê xe
Công Ty Cổ Phần Vân Hương,"02422133262, 02439971230",Hà Nội,Thuê xe
Công ty TNHH Sự Kiện Và Du Lịch Quốc Tế Sao Việt,"(0208) 6262728, 0979.097.111",Thái Nguyên,Thuê xe
Công Ty TNHH Thương Mại Dịch Vụ Du Lịch Phương Nam,"(08) 38364668, 38364086",Tp Hcm,Thuê xe
Công Ty Cổ Phần Giải Pháp Kho Vận ánh Dương,"(028) 38405100, 0906 412 868",Tp Hcm,Thuê xe
Công Ty TNHH Thương Mại Dịch Vụ Du Lịch Đệ Nhất,(028) 62577779,Tp Hcm,Thuê xe
Công Ty TNHH MTV Thương Mại Dịch Vụ Du Lịch Ước Mơ,"(0292) 3733999, 0939.404.242",Cần Thơ,Thuê xe
Công Ty TNHH Du Lịch Bazan Việt Nam,(08) 35888868,Tp Hcm,Thuê xe
Công Ty Cổ Phần Thương Mại Phát Triển Công Nghệ Và Du Lịch Quốc Tế AMI,(024) 37282660,Hà Nội,Thuê xe
DNTN Vận Tải Và Du Lịch Lê Đang,"0935 456 567, 0985 186 188",Phú Yên,Thuê xe
Công ty TNHH Kết Nối Taxi Nội Bài,(04) 35729666,Hà Nội,Thuê xe
Công Ty TNHH Thương Mại Và Dịch Vụ Gate Việt Nam,(04) 66810810,Hà Nội,Thuê xe
Công Ty Cổ Phần Thương Mại Du Lịch Và Hợp Tác Quốc Tế Havinas,(024) 22425899,Hà Nội,Thuê xe
Công Ty Cổ Phần Thăng Long Tourist Việt Nam,(0208) 22111758,Hà Nội,Thuê xe
Công Ty Du Lịch Toàn Hoàn Châu,(0294) 3865898,Trà Vinh,Thuê xe
Công Ty TNHH MTV Vận Tải Hải Trung Kim,(08) 62774781,Tp Hcm,Thuê xe
Công Ty Cổ Phần TM DV Và Du Lịch Đại Phong (Let's Tour),(024) 32006389,Hà Nội,Thuê xe
Công Ty TNHH Thương Mại Dịch Vụ Và Du Lịch Aroma Hà Nội,0988 782 081,Hà Nội,Thuê xe
Công Ty TNHH MTV Thương Mại Du Lịch Kiên Giang ,"(077) 3862081, 3945522",Kiên Giang,Thuê xe
Công Ty TNHH Thương Mại Dịch Vụ Du Lịch Vận Tải Kim Thanh Phát,"(08) 39738603, 39738924",Tp Hcm,Thuê xe
Công Ty TNHH MTV An Gia Phú,(028) 62816700 - Hotline: 0913118208 (Mr. Duy),Đà Nẵng,Thuê xe
Công Ty Dịch Vụ Du Lịch Minh Tâm,(0241) 3838045,Bắc Ninh,Thuê xe
Công Ty TNHH MTV Nhị Đông Hải,(0511) 3634111,Đà Nẵng,Thuê xe
Công Ty TNHH Du Lịch Và Đầu Tư Hữu Nghị,(024) 38267421,Hà Nội,Thuê xe
Công Ty TNHH Đầu Tư Du Lịch Rồng Đông Dương,(08) 38436819,Tp Hcm,Thuê xe
Công Ty Cổ Phần Vận Tải Việt Mỹ,"(024) 38617089, 36875084, 0913 598 362",Hà Nội,Thuê xe
Du Lịch Minh Phương - Đồng Hồ - Mắt Kính Phương,"(028) 38941030, 0903.935.104",Tp Hcm,Thuê xe
Công Ty TNHH Thu Hiền,0868.627.627,Đà Nẵng,Thuê xe
Công Ty TNHH Thương Mại & Du Lịch Let's Fly Travel,1900636332,Khánh Hòa,Thuê xe
Công Ty TNHH Thương Mại Thiết Bị Kỹ Thuật Thái Dương,"(064) 3932769, 0978 667 769",Bà Rịa-Vũng Tàu,Thuê xe
Công Ty TNHH Thương Mại Và Du Lịch Greencanal Việt Nam,"(024) 37245292, 0936 035 658",Hà Nội,Thuê xe
Công Ty Cổ Phần Truyền Thông Du Lịch Việt,(08) 73056789,Tp Hcm,Thuê xe
Công Ty TNHH Du Lịch Hoàng Khởi,"(028) 66851616, 66601616",Tp Hcm,Thuê xe
Công Ty TNHH Thương Mại Và Du Lịch Đại Lâm,"(028) 39141973, 39141974",Tp Hcm,Thuê xe
Công Ty TNHH MTV Dịch Vụ Vận Tải Lam Đạt,"(028) 38832293, 0903 377 990",Tp Hcm,Thuê xe
Khách Sạn Thủy Tiên,(064) 3527791,Bà Rịa-Vũng Tàu,Thuê xe
Công Ty TNHH Sapa Pathfinder Travel,(020) 3873468,Lào Cai,Thuê xe
Khách Sạn Anh Linh,(052) 3820297,Quảng Bình,Thuê xe
Công Ty TNHH Thiết Kế Xây Dựng Thương Mại An Phú,(064) 3732977,Bà Rịa-Vũng Tàu,Thuê xe
Công Ty TNHH MTV Du Lịch Rồng Hoàng Gia,(061) 3839006,Đồng Nai,Thuê xe
Bảo Ninh Beach Resort,"(052) 3854688, 3854866",Quảng Bình,Thuê xe
Công Ty TNHH Thương Mại Tư Vấn Dịch Vụ Du Lịch Văn Hóa Việt,(08) 39309717,Tp Hcm,Thuê xe
Công Ty TNHH MTV Thương Mại Vận Tải Quỳnh Anh,0903 992 967,Tp Hcm,Thuê xe
Công Ty TNHH MTV Du Lịch Vietnam Locals,(0234) 3511333,Hà Nội,Thuê xe
Công Ty TNHH Thương Mại Tư Vấn Dịch Vụ Du Lịch Văn Hóa Việt,(08) 3930 9717,Tp Hcm,Thuê xe
Công Ty TNHH Vũ Ngọc,"(0236) 3831225, 0903.501.225",Đà Nẵng,Thuê xe
Công Ty TNHH MTV Du Lịch Thái Dương,"(028) 62746427, 66846427, 0938 569 108",Tp Hcm,Thuê xe
Công Ty TNHH Thương Mại  Dịch Vụ  Du Lịch VT Khởi Nghiệp,0907 940 828,Tp Hcm,Thuê xe
Công Ty TNHH MTV Dịch Vụ Dầu Khí Sài Gòn Du Lịch,(08) 38239447,Tp Hcm,Thuê xe
Công Ty TNHH Dịch Vụ Du Lịch & Thương Mại KMK,(0256) 3812615,Bình Định,Thuê xe
Công Ty Cổ Phần Du Lịch AST,"(04) 39262628, 39262688",Hà Nội,Thuê xe
Công Ty TNHH Sao Phương Nam TRAVEL,(0235) 3828383,Quảng Nam,Thuê xe
Công Ty Cổ Phần Du Lịch Đồng Nai,(061) 3822368,Đồng Nai,Thuê xe
Công Ty Cổ Phần Du Lịch Đồng Tháp,"(067) 3852136,",Đồng Tháp,Thuê xe
Công Ty TNHH Đầu Tư Vận Tải Du Lịch An Tâm,"(028) 66788841, 0938 628 289",Tp Hcm,Thuê xe
Công Ty TNHH MTV Dịch Vụ Du Lịch Nụ Cười Vàng,(08) 38404152,Tp Hcm,Thuê xe
Công Ty CP Vận Tải Và Dịch Vụ Du Lịch Hà Nội CTH,093.456.9398,Hà Nội,Thuê xe
Khách Sạn Sunny,"(0258) 3525244, 3525299",Khánh Hòa,Thuê xe
Công Ty Cổ Phần Du Lịch Đông Hà Travel,(053) 3705588,Quảng Trị,Thuê xe
Du Lịch Tam Kỳ,"(0510) 3907999, 3821333",Quảng Nam,Thuê xe
Công Ty TNHH MTV Hân Du Travel,090 380 1195,Tp Hcm,Thuê xe
Công Ty TNHH Thương Mại Quốc Tế Phương Vượng,0989.349.409,Hà Nội,Thuê xe
Công Ty TNHH Du Lịch Bầu Trời Việt,"(061) 8875171, 8875173",Đồng Nai,Thuê xe
Khách Sạn Hương Duy,(0511) 3937328,Đà Nẵng,Thuê xe
Công Ty TNHH Thương Mại Dịch Vụ Du Lịch Lợi Đạt,"(08) 38214623, 38224585",Tp Hcm,Thuê xe
Công Ty TNHH Du Lịch Song Châu Đà Lạt,(063) 3536567,Lâm Đồng,Thuê xe
Sapa Stunning View Hotel,(020) 3871163,Lào Cai,Thuê xe
Doanh Nghiệp Tư Nhân Trương Minh Tiến,(0236) 3842868,Đà Nẵng,Thuê xe
Công Ty TNHH 9 Rồng,(0710) 3767224,Cần Thơ,Thuê xe
Công Ty TNHH Du Lịch Thương Mại Đất Việt,"(0238) 3845737, 0949 978 898",Nghệ An,Thuê xe
Công Ty TNHH Thành Bưởi,(08) 38339242,Tp Hcm,Thuê xe
CÔNG TY TNHH DỊCH VỤ DU LỊCH VẬN TẢI ĐẠI VIỆT,06503885988,Bình Dương,Thuê xe
Công Ty TNHH DV Vận Tải Và Du Lịch Ngọc Việt,028.2216.6688,Tp Hcm,Thuê xe
Công Ty Du Lịch An Thành,(04) 37151214,Hà Nội,Thuê xe
Công Ty Cổ Phần Detra Sài Gòn,"(028) 37197161, 0906 710 186",Tp Hcm,Thuê xe
Công Ty TNHH Thương Mại Và Du Lịch Linh Châu,0388 155 155 - 0966 433 366,Hà Nội,Thuê xe
Công Ty CP TM DV Du Lịch Và Quảng Cáo Khám Phá Mới,"0938756468, 0947 093 535 ",Tp Hcm,Thuê xe
Công Ty TNHH MTV Du Lịch Hội An Phố,(0510) 3928700,Quảng Nam,Thuê xe
Công Ty Cổ Phần Thương Mại Dịch Vụ Xuất Nhập Khẩu Vinh Linh,"(08) 35141714, 35141715",Tp Hcm,Thuê xe
Công Ty CP Du Lịch Lữ Hành Non Nước Việt,(08) 62609561,Tp Hcm,Thuê xe
Công Ty TNHH In Đào Gia,(04) 22400890,Hà Nội,Thuê xe
CÔNG TY TNHH TM DV VẬN TẢI DU LỊCH VẠN NGÂN,(0256) 3828828,Bình Định,Thuê xe
Khách Sạn Bank Star II Cửa Lò,(038) 3952188,Nghệ An,Thuê xe
Công Ty TNHH MTV Du Lịch & Vận Tải Huế Locals,(054) 3511333,Tt Huế,Thuê xe
Công Ty TNHH Một Thành Viên Thương Mại Dịch Vụ Và Du Lịch Nguyễn Bình,(071) 3872141,Cần Thơ,Thuê xe
Công Ty Du Lịch Bình Phú,(08) 54445348,Tp Hcm,Thuê xe
Công Ty TNHH Thương Mại Và Du Lịch Nụ Cười Huế,(0234) 3883659,Tt Huế,Thuê xe
Công Ty TNHH Thương Mại Dịch Vụ Du Lịch Triều Dương,(028) 38333768,Tp Hcm,Thuê xe
Công Ty TNHH Dịch Vụ Du Lịch Hoàng Hà D.L,"(0251) 2221778, 0911 466 334",Đồng Nai,Thuê xe
Công Ty TNHH Thương Mại Xây Dựng Vận Tải Thăng Long,"(024) 37892085, 0966.599.476",Hà Nội,Thuê xe
Công Ty TNHH Du Lịch Đại Dương,(038) 3949678,Nghệ An,Thuê xe
Công Ty TNHH TM DV Trường Long Phát,(0274) 3555855,Bình Dương,Thuê xe
Công Ty TNHH Dịch Vụ Du Lịch Đoàn Khang,(08) 39623919 ,Tp Hcm,Thuê xe
Công Ty TNHH MTV Dịch Vụ Du Lịch Mặt Trời Mọc Phú Quốc,(0297) 3992361,Kiên Giang,Thuê xe
Công Ty TNHH Đầu Tư Dịch Vụ Vận Tải Và Du Lịch Net Việt,(04) 37836238,Hà Nội,Thuê xe
Công Ty Cổ Phần Ô Tô Mai Anh,"0913060499, 0972850499",Nghệ An,Thuê xe
Công Ty TNHH Du Lịch Và Dịch Vụ HT Việt Nam,(04) 39329527,Hà Nội,Thuê xe
Công Ty TNHH Thương Mại Dịch Vụ Địa ốc Và Du Lịch Đại Dương,"(08) 62565612, 62565612",Tp Hcm,Thuê xe
Công Ty TNHH Lai Hoàn Cầu ( Trạm Điều Hành Xe DL Hoàn Cầu),(08) 38511120,Tp Hcm,Thuê xe
Công Ty Cổ Phần Đầu Tư Thương Mại Và Du Lịch Tuấn Minh,"(024) 66806555, 0914.246.986",Hà Nội,Thuê xe
Công Ty TNHH Thương Mại Xuất Nhập Khẩu T&T,(028) 38501481,Tp Hcm,Thuê xe
Công Ty TNHH Thương Mại Và Dịch Vụ Đại Đồng Đen,039 381 5704,Bình Dương,Thuê xe
Doanh Nghiệp Tư Nhân Nguyên Thành Đạt,"(0225) 3835587, 0903.446.448",Hải Phòng,Thuê xe
Công Ty TNHH Đầu Tư Và Phát Triển Thương Mại Làng Việt,(024) 39976610 - 0912 683 836,Hà Nội,Thuê xe
Công Ty TNHH MTV Bnt Travel,0917458000,Tt Huế,Thuê xe
Công Ty Cổ Phần Thương Mại Dịch Vụ Và Du Lịch Tâm Nguyên Phát - Du Lịch Miền Trung Tourist,0905 369 896,Đà Nẵng,Thuê xe
Công Ty Cổ Phần Vận Tải Du Lịch Hưng Long,(04) 22121855,Hà Nội,Thuê xe
Công Ty TNHH Du Lịch EĐen,(08) 39251188,Tp Hcm,Thuê xe
Công Ty TNHH MTV Dịch Vụ Vận Tải Xuân Sáu Anh,0933 65 1128 - 0907 300 900,Bình Dương,Thuê xe
Công Ty Cổ Phần Thương Mại Và Đào Tạo Tin Học Long Thành,(08) 22022202,Hà Nội,Thuê xe
Công Ty TNHH Du Lịch Lửa Việt,02839232148,Hà Nội,Thuê xe
Công Ty TNHH Thương Mại Dịch Vụ Du Lịch & Hành Hương Quốc Tế Sukha Travel,(08) 62725444,Hà Nội,Thuê xe
Khách Sạn Phụng Hồng,(063) 3834410,Lâm Đồng,Thuê xe
Công Ty TNHH Thương Mại Dịch Vụ Nam Việt,(028) 38272055,Tp Hcm,Thuê xe
Công Ty TNHH Thương Mại Và Dịch Vụ Du Lịch Hải Minh Nha Trang,"0903 506 907, 0935 429 549",Khánh Hòa,Thuê xe
"Phong Nha Locals Travel & Transport Co., Ltd",0932 465 127,Quảng Bình,Thuê xe
Công Ty TNHH Khang Việt Travel,(070) 3503693,Vĩnh Long,Thuê xe
Công Ty Cổ Phần Dịch Vụ Du Lịch Châu Á Toàn Cầu,"0901 944 826, 0901 472 492",Tp Hcm,Thuê xe
Công Ty Cổ Phần Du Lịch Và Thương Mại Mặt Trời Việt,(0292) 3783022,Cần Thơ,Thuê xe
Công Ty TNHH Một Thành Viên Dịch Vụ Vận Tải Lam Đạt,"(028) 38832293, 0977.676.366",Tp Hcm,Thuê xe
Công Ty TNHH Lý Vĩnh,0982 107 949,Tp Hcm,Thuê xe
Công Ty TNHH Du Lịch Tuấn Linh,"(024) 62768855, 0913 505 609",Hà Nội,Thuê xe
Dịch Vụ Cho Thuê Xe Máy Tại Tuy Hòa Phú Yên,0166 666 1221,Phú Yên,Thuê xe
CÔNG TY TNHH PHÁT TRIỂN DỊCH VỤ THƯƠNG MẠI HOÀNG GIA,0975.060.368,Hà Nội,Thuê xe
Công Ty TNHH Vận Tải & Du Lịch Hồ Lộc,(0511) 3655220,Đà Nẵng,Thuê xe
Công Ty Cổ Phần Du Lịch Và Vận Tải DNT,"(04) 35666722, 35666466",Hà Nội,Thuê xe
Công Ty Cổ Phần Thương Mại Và Du Lịch Sơn Hà,(04) 39430114,Hà Nội,Thuê xe
Công Ty Cổ Phần Công Nghệ DiDi Việt Nam,"(04) 35266666, (04) 39919919",Hà Nội,Thuê xe
Công Ty TNHH Thương Mại Du Lịch Đất Chín Rồng,"(0292) 3969698, 0939 595 107",Cần Thơ,Thuê xe
Công Ty TNHH Thương Mại Dịch Vụ Du Lịch Tình Bạn Việt,"(0511) 3824499, 3825597",Đà Nẵng,Thuê xe
Cứu Hộ Lâm Đồng,(063) 3911967,Lâm Đồng,Thuê xe
Công Ty TNHH MTV Thương Mại Và Dịch Vụ Dũng Âu,0918 624 541,Cần Thơ,Thuê xe
Công Ty TNHH Asia Destination,(058) 3820120,Khánh Hòa,Thuê xe
Công Ty TNHH Du Lịch Và Thương Mại ANNAM,(024) 37676423,Hà Nội,Thuê xe
Công Ty TNHH Đại Đoàn Kết,(04) 39381550,Hà Nội,Thuê xe
Công Ty Cổ Phần Thương Mại & Hợp Tác Quốc Tế Đất Mới,"02466733377, 0983003317",Hà Nội,Thuê xe
Công Ty TNHH Vận Tải Và Du Lịch Anh Vũ,"(024) 66883315, 0982.573.898",Hà Nội,Thuê xe
Công Ty TNHH Thương Mại Du Lịch Nam Long,"(058) 3540055, 3706181, 3526166",Khánh Hoà,Thuê xe
Công Ty TNHH Thương Mại Và Du Lịch Hoàng Nhựt,"0908 286 464, 0908 387 875",Tp Hcm,Thuê xe
Công Ty TNHH TM - DV Vận Tải Thiên Phát,0936 992 667,Tp Hcm,Thuê xe
Công Ty Cổ Phần Du lịch Văn Lang,(061) 3824268,Bình Dương,Thuê xe
Công Ty TNHH MTV Dịch Vụ Du Lịch Đảo Ngọc Kim Cương,(077) 3992325,Kiên Giang,Thuê xe
Khách Sạn Thành Đại Nam,"(0650) 3845678, 3896389, 3891389",Bình Dương,Thuê xe
Công Ty TNHH TMDV Ô Tô Vạn An,0989403456,Hà Nội,Thuê xe
Công Ty Cổ Phần Vận Tải Du Lịch Hưng Long,(024) 36889889,Hà Nội,Thuê xe
Công Ty TNHH Du Lịch Phú Thọ Xanh,"(08) 39637041, 39637042, 22121447",Tp Hcm,Thuê xe
Dịch Vụ Cho Thuê Xe Du Lịch Hồ Chí Minh,(08) 66819666,Tp Hcm,Thuê xe
Công Ty TNHH Vận Tải Quốc Tế Thái Phát,"(08) 38262676, 38262236",Tp Hcm,Thuê xe
Công Ty TNHH Dịch Vụ Du Lịch Nam Nhật Tân,"(028) 22443316, 0919.040.843",Tp Hcm,Thuê xe
Công Ty Du Lịch Hoa Sen Châu Á,(08) 37581056,Tp Hcm,Thuê xe
Trung Tâm Điều Hành Hướng Dẫn Du Lịch - Công Ty CP Du Lịch Hải Phòng,(031) 3842989,Hải Phòng,Thuê xe
Công Ty TNHH Cho Thuê Xe Cần Thơ,(0292) 3768472,Cần Thơ,Thuê xe
Công Ty TNHH Thương Mại Vận Tải Và Du Lịch Phương Đông,"(037) 3723899, 0979 452 456",Thanh Hóa,Thuê xe
Khách Sạn Phương Huy 1 Đà Lạt,"(063) 3588567, 3614567",Lâm Đồng,Thuê xe
Công Ty TNHH Vận Tải Du Lịch Minh Hoàng,(0232) 3856568,Quảng Bình,Thuê xe
Cửu Long Phú Quốc Resort,"(0297) 3994833, 3994823",Kiên Giang,Thuê xe
Công Ty Cổ Phần Bigbigtrans,(028) 22450751,Tp Hcm,Thuê xe
Công Ty TNHH Xây Dựng Dịch Vụ Du Lịch Khám Phá Việt,"(08) 66732363, 62584973",Tp Hcm,Thuê xe
Công Ty TNHH Thương Mại Đầu Tư Du Lịch Tín Việt,(08) 35923473,Tp Hcm,Thuê xe
Công Ty TNHH Thương Mại Dịch Vụ Vận Tải Hoa Việt,"(08) 35880357, 22406822",Tp Hcm,Thuê xe
Công Ty TNHH Nắng Đà Nẵng,(0511) 3991917,Đà Nẵng,Thuê xe
Công Ty TNHH TIENHOAICOM,(04) 65554999,Hà Nội,Thuê xe
Công Ty TNHH MTV Dịch Vụ Vận Tải Quốc Tế Hoàng Nguyễn,"(028) 38165565, 0916 303 082",Tp Hcm,Thuê xe
Công Ty TNHH TM  DV Du Lịch Hoàng Hải,(024) 38694567,Hà Nội,Thuê xe
Công Ty TNHH Thương Mại & Dịch Vụ Du Lịch Kỳ Quan Việt,"(04) 39328771, 39382112",Hà Nội,Thuê xe
Công Ty Cổ Phần Du Lịch Thanh Niên Xung Phong (V.Y.C),"(08) 38368899, 38368989",Tp Hcm,Thuê xe
Công Ty TNHH Cổng Du Lịch Việt,1900555576,Tp Hcm,Thuê xe
Công Ty TNHH Du Lịch Hoa Phượng Tím,0973 055 948,Lâm Đồng,Thuê xe
Công Ty TNHH MTV Thương Mại Dịch Vụ Du Lịch Kỳ Nghỉ Việt,(08) 22290588	,Tp Hcm,Thuê xe
Công Ty TNHH Thương Mại Dịch Vụ Du Lịch Quốc Khải,"(08) 38493127, 38493128",Tp Hcm,Thuê xe
Công Ty TNHH Du Lịch Và Giải Trí Phú An - Great Lavita,(04) 36417686,Hà Nội,Thuê xe
Công Ty TNHH Một Thành Viên Công Nghệ Số Tân Minh Long,"(08) 39717991, 3971995",Tp Hcm,Thuê xe
Công Ty TNHH Du Lịch Nam Phúc,0243.655.6466,Hà Nội,Thuê xe
Công Ty TNHH Thương Mại Dịch Vụ Du Lịch Việt An,"(08) 35886461, 35886391",Tp Hcm,Thuê xe
Công Ty TNHH Du Lịch Hải Phát,(0294) 3865898,Trà Vinh,Thuê xe
New Sun Phu Quoc Hotel - Khách Sạn New Sun Phú Quốc,(077) 3996941,Kiên Giang,Thuê xe
Doanh Nghiệp Tư Nhân Cho Thuê Xe Du Lịch Dũng Tâm,"0979 042 708, 093 5920 056",Phú Yên,Thuê xe
Công Ty TNHH MTV Du Lịch Và Thương Mại Tinh Hoa,"(08) 36083608, 62601628",Tp Hcm,Thuê xe
Công Ty TNHH HT Việt Nam Travel,(028) 37170673,Hà Nội,Thuê xe
Công Ty Cổ Phần Phát Triển Thương Mại & Du Lịch Quốc Tế Ngôi Sao,"(04) 37222373, 38230230",Hà Nội,Thuê xe
Công Ty TNHH Dịch Vụ Vận Tải Hoàng Phú,(024) 38772236,Hà Nội,Thuê xe
Công Ty Cổ Phần Thương Mại Du Lịch Vận Tải Bình Minh,(08) 35511809,Tp Hcm,Thuê xe
Công Ty TNHH Thương Mại Dịch Vụ Du Lịch Nguyên Khang,"(0510) 3919293, 3919778",Quảng Nam,Thuê xe
Công Ty TNHH Thương Mại Vầ Dịch Vụ Du Lịch Việt Thái,"(08) 39165336, 39165337, 39165338",Tp Hcm,Thuê xe
Công Ty TNHH Du Lịch Việt Nam 24h,(08) 66819592,Tp Hcm,Thuê xe
Công Ty TNHH Đầu Tư Thương Mại Và Du Lịch Hoa Mai,"(024) 37567345, 098.444.8158",Hà Nội,Thuê xe
CÔNG TY TNHH DU LỊCH PHÚ SĨ,(028) 3602 3147 - 3602 3157,Hà Nội,Thuê xe
Công Ty TNHH MTV Thương Mại Dịch Vụ Vận Tải Khang Tường,0915979878,Bình Dương,Thuê xe
Công ty TNHH Dịch Vụ Thường Mại Và Sản Xuất Đức Phúc,0982 098 850,Bắc Ninh,Thuê xe
Công Ty TNHH Vận Tải Du Lịch Và Thương Mại Vũ Khoa,(0511) 3550044,Đà Nẵng,Thuê xe
Công Ty CPThương Mại Vận Tải Và Du Lịch Hồng Đa,"(0236) 3782782, 0912 46 42 43",Đà Nẵng,Thuê xe
Công Ty TNHH Hướng Dẫn Du Lịch Việt Nam,(08) 38620015,Tp Hcm,Thuê xe
Công Ty TNHH Timur Travel,"0933 777 637, 0903 777 637",Tp Hcm,Thuê xe
Công Ty TNHH  Dịch Vụ Và Thương Mại Tùng Lâm,0983.610.888,Hà Nội,Thuê xe
Công Ty Cổ Phần Thương Mại Dịch Vụ Du Lịch Việt Á Âu,"(08) 38333738, 38333739, 38333188",Tp Hcm,Thuê xe
Công Ty TNHH TM & DV Du Lịch Top Global,(0511) 3654777,Đà Nẵng,Thuê xe
Công Ty TNHH MTV Du Lịch Và Thương Mại Vĩnh Tường,0969 301 596,Vĩnh Phúc,Thuê xe
Công Ty TNHH MTV Dịch Vụ Du Lịch Việt Asia,(08) 35034251,Tp Hcm,Thuê xe
Trung Tâm Lữ Hành Top Travel,(04) 6655 8800,Hà Nội,Thuê xe
Khách Sạn Đế Vương ( HANOI IMPERIAL HOTEL ),(04) 39335555,Hà Nội,Thuê xe
Công Ty TNHH Thương Mại Dịch Vụ Vận Tải Du Lịch Hoàng Minh Trí,(028) 39722363,Tp Hcm,Thuê xe
Công Ty TNHH Dịch Vụ Và Du Lịch Bốn Bạn,"(08) 39490963, 62675718",Tp Hcm,Thuê xe
Dịch Vụ Du Lịch Thiên Phúc,0919 133 222,Cần Thơ,Thuê xe
Công Ty Du Lịch Hoàng Khởi,(028) 66601616,Hà Nội,Thuê xe
Công Ty TNHH Phát Triển Thương Mại Và Dịch Vụ Du Lịch Nhà Việt,(04) 35372666,Hà Nội,Thuê xe
Công Ty TNHH Vận Tải Và Du Lịch Đông Nam,(08) 66806200,Tp Hcm,Thuê xe
Công Ty TNHH Thương Mại Du Lịch Hành Trình Trẻ,"(08) 39231185, 38362375",Tp Hcm,Thuê xe
Công Ty TNHH Thương Mại Và Dịch Vụ Vina Hoàng Long,"0917 892 866, 0947 892 866",Hà Nội,Thuê xe
Nhà Xe Anh Kỳ,0906 509 799,Bình Định,Thuê xe
Công Ty Du Lịch Hội An,0935 753 336,Quảng Nam,Thuê xe
Công Ty TNHH Vận Tải Và Du Lịch Hải Nam,"(04) 62927086, 38772360",Hà Nội,Thuê xe
Công Ty Cổ Phần Đầu Tư Phát Triển Thương Mại Và Du Lịch Goldsun,(0211) 6335888,Vĩnh Phúc,Thuê xe
Hợp Tác Xã Vận Tải & Du Lịch Q.10,(08) 38557483,Tp Hcm,Thuê xe
Công Ty TNHH ĐT TM DV Du Lịch Thiên Phúc,(08) 38373877,Tp Hcm,Thuê xe
Doanh Nghiệp Tư Nhân Vận Tải Hải Nguyên,0905 961 447,Bình Định,Thuê xe
Công Ty Cổ Phần Thương Mại Dịch Vụ Du Lịch Hiền Thảo,(08) 39520379,Tp Hcm,Thuê xe
Công Ty TNHH Thương Mại Dịch Vụ Du Lịch 777,0917 775 560,Tp Hcm,Thuê xe
Công Ty TNHH Du Lịch Và Thương Mại Sông Hồng,"(024) 35569999, 0983 835 858",Hà Nội,Thuê xe
Công Ty Cổ Phần Đào Tạo Và Du Lịch Quốc Tế Hà Thành,(04) 37938085,Hà Nội,Thuê xe
Trung Tâm Dịch Vụ Du Lịch 727,(08) 38402288,Tp Hcm,Thuê xe
Công Ty Cổ Phần Đầu Tư Thương Mại Du Lịch Vận Tải Và Tài Chính Châu Á - VP Xe Hoàng Quân,(04) 66836607,Hà Nội,Thuê xe
Công Ty TNHH Thương Mại Và Du Lịch Linh An,"(024) 37872133, 0948 331 369",Hà Nội,Thuê xe
Công Ty Cổ Phần Du Lịch Quốc Tế Mở Hạ Long,(033) 2460038,Quảng Ninh,Thuê xe
Công Ty CP Đầu Tư TM Du Lịch Vận Tải & Tài Chính Châu Á – Văn Phòng Cho Thuê Xe Hoàng Quân,(04) 66836607,Hà Nội,Thuê xe
Công Ty TNHH Dịch Vụ Du Lịch Phượng Hoàng,(08) 35059835,Tp Hcm,Thuê xe
Công Ty TNHH MTV Thành Khánh Đạt,"0935.057.797, 0981.742.145, 0905.021.244",Đà Nẵng,Thuê xe
Công Ty TNHH MTV TM Và DV Du Lịch Thanh Bình,(0651) 3866579,Bình Phước,Thuê xe
Công Ty TNHH MTV Du Lịch Miền Đất Á (ASIATRAVELLAND),"(054) 3840888, 3844844",Tt Huế,Thuê xe
Công Ty TNHH Du Lịch Quốc Tế Ánh Sao Mới,(04) 39981323,Hà Nội,Thuê xe
Công Ty TNHH Thương Mại Và Dịch Vụ Kha Trần,0327076789 - 0975 035 037,Huế,Thuê xe
Công Ty TNHH Thương Mại Dịch Vụ Phú An Khang,(028) 38982584,Tp Hcm,Thuê xe
Công Ty TNHH Dịch Vụ Vận Tải LV,0913 636 777,Cần Thơ,Thuê xe
Công Ty TNHH TMDV Vận Tải Và Du Lịch Ánh Bình Minh,0967 15 16 89,Bình Dương,Thuê xe
Công Ty TNHH Vận Tải & Du Lịch Khánh Đại Nam,(0511) 3785179,Đà Nẵng,Thuê xe
Công Ty CPTM Vận Tải Và Du Lịch Miền Bắc,(04) 66832310,Hà Nội,Thuê xe
Công Ty TNHH Thuê Xe Sài Gòn,091 778 2929,Tp Hcm,Thuê xe
Công Ty TNHH Du Lịch Việt Thắng,0909081263,Tp Hcm,Thuê xe
Công Ty Cổ Phần Đầu Tư Thương Mại Aloha Việt Nam,(04) 38430616 ,Hà Nội,Thuê xe
Công Ty TNHH Thương Mại Du Lịch Mùa Hè Xanh,"(08) 36027731, 36027732",Tp Hcm,Thuê xe
Du Lịch Vũ Bão,0913 736 893,Lâm Đồng,Thuê xe
Công Ty CPTM Vận Tải Và Du Lịch Hoàn Kiếm,(04) 35553599 ,Hà Nội,Thuê xe
Công Ty Cổ Phần Du Lịch Hoàng Gia,(08) 38618999,Tp Hcm,Thuê xe
Công Ty TNHH Du Lịch Và Giải Trí Phú An,"(04) 36417686, ",Hà Nội,Thuê xe
Công Ty CP Đầu Tư Thương Mại Và Dịch Vụ Du Lịch Trực Tuyến Việt Nam,(04) 39264833,Hà Nội,Thuê xe
Công Ty Cổ Phần AnhNguyenTour- Việt Nam,0908 898 475,Khánh Hòa,Thuê xe
Công Ty Cổ Phần MAG,0973888907,Hà Nội,Thuê xe
Công Ty TNHH Thương Mại Dịch Vụ Du Lịch Rồng Lửa Việt,(08) 39617032,Tp Hcm,Thuê xe
Công Ty Cổ Phần Xây Dựng Thương Mại Và Du Lịch Khải Hoàn Phong,"(0511) 3759759, 3759659, 3759679",Đà Nẵng,Thuê xe
Dịch Vụ Du Lịch Ngọc Quý,0917 853 438,Tp Hcm,Thuê xe
Công Ty TNHH Du Lịch Phúc Phát,0918.132.064,Tp Hcm,Thuê xe
Công Ty Cổ Phần Thương Mại Và Du Lịch Siren,(04) 39428408,Hà Nội,Thuê xe
Công Ty TNHH Vận Tải Và Dịch Vụ Du Lịch Việt Nam,(04) 39382390. 091 235 8282,Hà Nội,Thuê xe
Công Ty TNHH Hùng Kin,"0914 222 029, 0914 177 125",Đà Nẵng,Thuê xe
Công Ty Du Lịch Thắng Vinh,0935 595 857,Đà Nẵng,Thuê xe
Công Ty Cổ Phần Ali Thương Mại Và Dịch Vụ,"(04) 22668866, 23240240",Hà Nội,Thuê xe
Công Ty Cổ Phần Dịch Vụ Lữ Hành Gia Lai,(059) 3875783,Gia Lai,Thuê xe
Công Ty TNHH Dịch Vụ Tin Học Và Du Lịch Duy Long D.L,"(08) 38842785, 39210332",Tp Hcm,Thuê xe
Công Ty TNHH Đầu Tư Và Thương Mại Đức Vinh,(04) 37246688,Hà Nội,Thuê xe
Công Ty TNHH VC Du Lịch Thương Mại Trường Vũ,"(08) 35059659, 35059660",Tp Hcm,Thuê xe
Công Ty TNHH Du Lịch Open,(08) 73022888,Tp Hcm,Thuê xe
Công Ty Như Ý,0913 923 252,Tt Huế,Thuê xe
Công Ty TNHH Ngọc Thuận Phong,"(08) 39628896, 39628896",Tp Hcm,Thuê xe
Công Ty TNHH Thương Mại Dịch Vụ Hai Đô,(064) 3574856,Bà Rịa-Vũng Tàu,Thuê xe
Công Ty TNHH Du Lịch Và Thương Mại Phú Bảo Khang,"(028) 35150208, 35153697, 0908.440.093",Tp Hcm,Thuê xe
Công Ty TNHH Thương Mại Dịch Vụ Quốc Tế Âu Mỹ,"(028) 3991 8591, 0911 812 900",Tp Hcm,Thuê xe
Công Ty TNHH Thương Mại Dịch Vụ Daily Travel,"0982 015 701, 01643 834 069",Tp Hcm,Thuê xe
Công Ty TNHH DV Du Lịch Tuấn Dung,(0236) 3710007 - 0905 330 085,Đà Nẵng,Thuê xe
Công Ty TNHH Du Lịch Nha Trang Today,0938511948,Khánh Hoà,Thuê xe
Công Ty TNHH Du Lịch Và Thương Mại Tường Ánh,"(0210) 3844844, 3500444, 0913 389 555",Phú Thọ,Thuê xe
Công Ty TNHH Thương Mại Dịch Vụ Ô Tô Minh Toàn,"(0274) 3748728, 3744696",Bình Dương,Thuê xe
Công Ty TNHH Thương Mại Xây Dựng Và Dịch Vụ Du Lịch Nhật Quang,"(024) 38465587, 39172171, 0948 586 888",Hà Nội,Thuê xe
Công Ty TNHH Một Thành Viên Thương Mại Và Du Lịch Don Nghi,"0913 770 018, 0946 166 966",Tp Hcm,Thuê xe
Công Ty TNHH MTV Sản Xuất Dịch Vụ Du Lịch Gia Khang,(08) 37179416,Tp Hcm,Thuê xe
Công Ty Dịch Vụ Cho Thuê Xe Tự Lái Kim,"0914 066 895, 0943 961 311",Tp Hcm,Thuê xe
Công Ty Du Lịch BIG Đà Nẵng,0971 953 195,Đà Nẵng,Thuê xe
Công Ty TNHH Xây Lắp Và Dịch Vụ Thương Mại Du Lịch Bằng Giang,0983 950 921,Hà Nội,Thuê xe
Công Ty TNHH TM Và Du Lịch Quốc Tế Kenvin Việt Nam,0981 001 129,Tp Hcm,Thuê xe
Công Ty TNHH MTV Thương Mại Dịch Vụ Du Lịch Hạ Linh,0949 358 585,Cần Thơ,Thuê xe
Công Ty TNHH Sản Xuất Thương Mại Dịch Vụ Nguyễn Cường,(0251) 3982022,Đồng Nai,Thuê xe
Công Ty TNHH Một Thành Viên Du Lịch - Dịch Vụ Bến Thành Tourist,(028) 37228855,Tp Hcm,Thuê xe
Công Ty TNHH MTV Dịch Vụ Vận Tải Việt & Nhật,0903 180 956,Tp Hcm,Thuê xe
Công Ty TNHH Dịch Vụ Du Lịch Huyền Thoại Việt,(08) 35531055,Tp Hcm,Thuê xe
Công Ty TNHH Vận Tải Và Thương Mại Thiên Thanh,(04) 22172662,Hà Nội,Thuê xe
Công Ty TNHH MTV HPT Car Family,(08) 62744777,Tp Hcm,Thuê xe
Công Ty TNHH Dịch Vụ LHQT Việt Picnic,(08) 73020268,Tp Hcm,Thuê xe
Công Ty TNHH Thương Mại Du Lịch Hưng Quyên,(0511) 3661955,Đà Nẵng,Thuê xe
Công Ty TNHH Vận Tải Và Du Lịch Minh Đức,"098 337 2885,  0966 678 983",Hà Nội,Thuê xe
Công Ty TNHH Thương Mại Dịch Vụ Vận Chuyển Thành Đạt,(08) 39317760,Tp Hcm,Thuê xe
Công Ty Cổ Phần Đầu Tư Và Du Lịch Vận Tải Tây Đô,"(024) 3656565, 0904 52 60 60",Hà Nội,Thuê xe
Công Ty TNHH Du Lịch Ngũ Hành Sơn,0935 002 519,Đà Nẵng,Thuê xe
Công Ty TNHH Thiên Đường Travel,0163 6377 077,Khánh Hòa,Thuê xe
Công Ty TNHH Thương Mại Dịch Vụ Du Lịch Lê Trần 312,(08) 39717712,Tp Hcm,Thuê xe
Công Ty TNHH TM Dịch Vụ Hành Trang,"0908 456 196, 0902 488 990",Tp Hcm,Thuê xe
 Công Ty TNHH Thương Mại Tiếp Thị Dịch Vụ Du Lịch Nam Phương (Thương Hiệu NP TOUR)," (08) 35511820,",Tp Hcm,Thuê xe
Công Ty TNHH Du Lịch Đặng Phúc,0932 010 533,Tp Hcm,Thuê xe
Công Ty TNHH Tiếp Vận Toàn Thắng,0912 103 556,Hà Nội,Thuê xe
Công Ty TNHH Du Lịch Dịch Vụ Thương Mại Điện Tử Hà Nội,(024) 35187153,Hà Nội,Thuê xe
Công Ty TNHH Gki Việt Nam,(04) 35625799,Hà Nội,Thuê xe
Công Ty TNHH Vận Chuyển Khách Du Lịch Phi Long,"(08) 38220767, 38293210, 38220766",Tp Hcm,Thuê xe
Công Ty TNHH Thông Tin Du Lịch Việt Nam,(08) 39951884,Tp Hcm,Thuê xe
Công Ty Cổ Phần Du Lịch Và Truyền Thông Thủ Đức,0919 637 392,Tp Hcm,Thuê xe
Công Ty TNHH MTV Cho Thuê Xe Tự Lái,0947 575 751,Cần Thơ,Thuê xe
Công Ty TNHH MTV Đinh Quỳnh Giang,"(08) 38449857, 38115794",Tp Hcm,Thuê xe
Chi Nhánh Công Ty Cổ Phần Đầu Tư Du Lịch Hà Nội Tại Hải Phòng,0899.909.920,Hải Phòng,Thuê xe
Doanh Nghiệp Tư Nhân Du Lịch Thanh Sơn,(077) 3991777,Kiên Giang,Thuê xe
Công Ty TNHH Sản Xuất Thương Mại Và Vận Chuyển An An,(08) 38463944,Tp Hcm,Thuê xe
Công Ty TNHH Mioto Việt Nam,(028) 22538937,Tp Hcm,Thuê xe
Công Ty TNHH Thương Mại Và Du Lịch Kỳ Việt,(024) 32424670 / 0972578692,Hà Nội,Thuê xe
Công Ty TNHH Hoàng Gia Thịnh,(028) 66800456,Tp Hcm,Thuê xe
Công Ty TNHH Xây Dựng Thương Mại Á Châu,(08) 38569865,Tp Hcm,Thuê xe
Công Ty TNHH Du Lịch Anh Định,(024) 38362128,Hà Nội,Thuê xe
Công Ty Du Lịch Newland,(04) 35353636,Hà Nội,Thuê xe
Công Ty TNHH Du Lịch Dấu Ấn - ANI Travel,(04) 62630333,Hà Nội,Thuê xe
Du lịch Đà Nẵng Open Tour - Công Ty TNHH MTV Dịch Vụ Du Lịch Đà Nẵng Open Tour,0236.3996 877,Đà Nẵng,Thuê xe
Công Ty TNHH Thương Mại Dịch Vụ Du Lịch Vận Tải Tấn Thành,0938 833 100,Tp Hcm,Thuê xe
Công Ty TNHH Du Lịch Tùng Vân,"01224562668, 09",Quảng Ninh,Thuê xe
Công Ty Du Lịch Hòa Thảo,(08) 98167267,Đà Nẵng,Thuê xe
Công Ty TNHH Đầu Tư Phát Triển Và Vận Tải Minh Anh,0985746116,Hà Nội,Thuê xe
Công Ty Cổ Phần Thương Mại Và Dịch Vụ D2N,"(024) 66506680, 66506680, 0904 066 465",Hà Nội,Thuê xe
Dịch Vụ Cho Thuê Xe Du Lịch HCM,(08) 66819666,Tp Hcm,Thuê xe
Công Ty TNHH Khách Sạn Du Lịch Kỳ Quan Việt,(024) 66828597 - 0933585351,Hà Nội,Thuê xe
Công ty Cổ phần xây dựng và du lịch Minh Anh,(04) 32979139,Hà Nội,Thuê xe
Công Ty TNHH Thương Mại Dịch Vụ Vận Tải  Du Lịch Lan Hương,"(08) 39628788, 38580293",Tp Hcm,Thuê xe
Dịch Vụ Du Lịch Lượng Sâm,(063) 3647088,Lâm Đồng,Thuê xe
Công Ty TNHH TM DV Phú Bình Dương,0941 500 500,Bình Dương,Thuê xe
Công Ty TNHH Du Lịch Vận Tải Ngọc Minh,0967279998,Hà Nội,Thuê xe
Công Ty TNHH Lumina Việt Nam,0976 303 436,Hà Nội,Thuê xe
Công Ty TNHH Bali Limousine,"(028) 39749749, 0939 550 855",Tp Hcm,Thuê xe
Công Ty Cho Thuê Xe Giá Rẻ Tại Hà Nội,0163.841.8888,Hà Nội,Thuê xe
Công ty TNHH Thương Mại và Dịch Vụ Vịnh Nha Trang,(0258) 3500190 - 0911951879,Khánh Hòa,Thuê xe
Hợp Tác Xã Vận Tải Du Lịch Trường Thành,"(050) 3601601, 0913 496 682",Đắk Lắk,Thuê xe
Công Ty TNHH Thương Mại Du Lịch Khải Quang,(0511) 3937744,Đà Nẵng,Thuê xe
Công Ty TNHH Giao Nhận Vận Chuyển Vina Rental,"(028) 62818022,  0928 626 668",Tp Hcm,Thuê xe
Công Ty TNHH Thương Mại Và DV Du Lịch MP,0909 335 385,Tp Hcm,Thuê xe
Dịch Vụ Cho Thuê Xe Du Lịch Minh Đạt,0909 173 458,Tp Hcm,Thuê xe
Dịch Vụ Cho Thuê Xe Hùng,(071) 3810267,Cần Thơ,Thuê xe
Công Ty Cổ Phần Hà Nội TSC,(04) 38779977,Hà Nội,Thuê xe
Công Ty TNHH MTV TMDV Viễn Thông Lưu An,(0650) 6545454,Bình Dương,Thuê xe
Công Ty TNHH MTV Thương Mại Dịch Vụ Tú Toàn Tiến,0937 554 454,Bình Dương,Thuê xe
Công Ty TNHH Dịch Vụ Du Lịch Thương Mại & Vận Tải Đa Bảo,(0511) 3751328,Đà Nẵng,Thuê xe
Công Ty TNHH Thương Mại Dịch Vụ Vận Tải Du Lịch Tất Thành Đạt,(028) 62522646,Tp Hcm,Thuê xe
Công Ty Cổ Phần Thương Mại Dịch Vụ Châu Âu Luxury,"(028) 35114471, 35114477,  0918 176 999",Tp Hcm,Thuê xe
Công Ty TNHH Vận Tải Và Du Lịch Đức Vinh,"(024) 37246688,  0912 206 287",Hà Nội,Thuê xe
Công Ty TNHH Thương Mại Và Du Lịch Á Châu Nha Trang,034 8888 789,Khánh Hòa,Thuê xe
Công Ty TNHH MTV Dịch Vụ Du Lịch Phước Thông,(0511) 3.705192,Đà Nẵng,Thuê xe
Công ty TNHH Litchee Travel,0915338688,Hà Nội,Thuê xe
Doanh Nghiệp Tư Nhân Vy Vy,"(028) 39852278, 0938 787 787",Tp Hcm,Thuê xe
Công Ty TNHH MTV Dịch Vụ Vận Tải Kim Vũ,0933 048 841,Tp Hcm,Thuê xe
Công Ty TNHH Thương Mại Và Đầu Tư Du Lịch Trang Long,(024) 37631361,Hà Nội,Thuê xe
Công Ty TNHH MTV Banaway Travel,0901 619 639 - 0867 619 639,Đà Nẵng,Thuê xe
Công Ty TNHH Tây Nam Kim Đô,(028) 37406128,Tp Hcm,Thuê xe
Công Ty Dịch Vụ Du Lịch Chí Tâm,(028) 39911006,Tp Hcm,Thuê xe
Du Lịch Nguyễn Quí,"0915 533 088, 0917 215 988",Bình Dương,Thuê xe
Công Ty TNHH Vận Tải Và Du Lịch Xe Sài Gòn,"0826204060, 0357051457",Tp Hcm,Thuê xe
Công Ty Thuê xe Đà Nẵng 365,"(0236) 2660806, 0935 214 222",Đà Nẵng,Thuê xe
Công Ty TNHH Ô Tô Hiệp Lợi,"(0274) 3838222, 3898555, 0902 48 22 22",Bình Dương,Thuê xe
Dịch Vụ Trường Vân Cho Thuê Xe,(08) 35892182,Tp Hcm,Thuê xe
Công Ty Du Lịch Nhất Phong,"(0511) 3823382, 3766866",Đà Nẵng,Thuê xe
Công Ty Cổ Phần Thương Mại Và Phát Triển Du Lịch Bảo An,0916 995 991,Hà Nội,Thuê xe
Mr. Khang,0988 623 939,Bình Dương,Thuê xe
Công Ty TNHH Dịch Vụ Du Lịch Biển Việt,0961 866 634,Bình Thuận,Thuê xe
Công Ty Cổ Phần Sản Xuất Kinh Doanh Dịch Vụ Và Xuất Nhập Khẩu Quận 1,"(028) 38230611, 0902 383 188",Tp Hcm,Thuê xe
Cho Thuê Xe Du Lịch Việt Linh,"0905 068 486, 01234 068 486, 01689 160 602",Phú Yên,Thuê xe
Visa Liên Đại Dương,0903309776 - 028.39020426,Tp Hcm,Thuê xe
HP Star Tour - Công Ty Cổ Phần Du Lịch Và Thương Mại Sao Hải Phòng,"(0225) 3569075, 0903 233 121 – 0934 242 296",Hải Phòng,Thuê xe
Công Ty Cổ Phần Liên Minh Du Lịch Toàn Cầu,0943398288,Hà Nội,Thuê xe
Công Ty TNHH Du Lịch Vận Tải Tiến Phát,"(028) 62508389,",Tp Hcm,Thuê xe
Công Ty TNHH Thương Mại Dịch Vụ Du Lịch Ev Việt Nam,(024) 3378 3838 - 0986151522,Hà Nội,Thuê xe
Công Ty TNHH Thương Mại Nectar,0945702790,Bắc Ninh,Thuê xe
Công Ty TNHH Phát Triển Du Lịch Non Nước Việt,0904.834.026 - 0906.061.630 - 0984.234.09,Hải Phòng,Thuê xe
Công Ty TNHH Biệt Thự Nghỉ Dưỡng LE VILLA,0868.956.067,Tp Hcm,Thuê xe
Công Ty du lịch Việt Du,0915797718,Tp Hcm,Thuê xe
Công Ty TNHH Xe Hà Tĩnh,0916761118,Hà Tĩnh,Thuê xe
Nhà Phân Phối Gia Thịnh,0918 523 839,Cần Thơ,Thuê xe
Dịch Vụ Thuê Xe Máy Tại Dương Đông Phú Quốc,0985554956,Hà Nội,Thuê xe
Công Ty TNHH TM DV & Du Lịch Luco,(028) 399 069 86,Tp Hcm,Thuê xe
Công Ty Du Lịch Mai Linh Miền Trung,0934740404,Đà Nẵng,Thuê xe
Công Ty Cổ Phần Saigon Star - Saigon Star Travel,0902998694,Tp Hcm,Thuê xe
Công ty TNHH Thương Mại Và Dịch Vụ Du Lịch 24h,0931 999 180,Đà Nẵng,Thuê xe
Xe Đưa Đón Sân Bay Cam Ranh Thu Hiền,"0935936358, 0915833840",Khánh Hòa,Thuê xe
Cần Giờ Tourist,0283987 6155,Tp Hcm,Thuê xe
Công Ty TNHH Du Lịch Tâm Lộc,0983111786,Hà Nội,Thuê xe
Thuê Xe Bảo Minh - Công ty TNHH Anh Em Bảo Minh,0978143954,Hà Nội,Thuê xe
Du Lịch Lan Hạ Xanh - Công Ty Cổ Phần Du Lịch Quốc Tế Lan Hạ Xanh,0976951999,Hà Nội,Thuê xe
Công Ty TNHH Truyền Thông Sự Kiện Phúc Nguyên,"024 3736 9024, 024 7305 9688",Hà Nội,Thuê xe
Công Ty TNHH Thương Mại Và Du Lịch Nam Việt Cường,"0989242805, 0913374303",Hải Dương,Thuê xe
Công Ty TNHH TNHH Đầu Tư Dịch Vụ Và Du Lịch Á Đông,0913 394 789,Hải Phòng,Thuê xe
Tổng Đài Taxi Star,02593952952,Ninh Thuận,Thuê xe
Công Ty Hào Hùng,"0968.19.6668, 035.219.5555",Hà Nội,Thuê xe
Công Ty Cổ Phần Vận Tải Và Du Lịch Cent,"1900955559, 0834808080",Hà Nội,Thuê xe
Công Ty Cổ Phần Đầu Tư Và Du Lịch Hà Thành,"0968742813, 0369077335",Hà Nội,Thuê xe
Công Ty TNHH Sigo Việt Nam,0938165616,Tp Hcm,Thuê xe
PT Travel - Công Ty Cổ Phần Đầu Tư Du Lịch Quốc Tế Hà Nội PT,0832577555,Hà Nội,Thuê xe
Công Ty TNHH MTV Thương Mại Và Du Lịch Unifa Travel,090 101 90 52,Đà Nẵng,Thuê xe
Công Ty TNHH Dịch Vụ Vận Tải Và Du Lịch Huynh Đệ,"0903001655, 0909001655",Đồng Nai,Thuê xe
Công Ty CPĐT & PT Thương Hiệu Adam Việt,0941859966,Hà Nội,Thuê xe
